/*
 Navicat Premium Data Transfer

 Source Server         : 172.16.4.112
 Source Server Type    : MySQL
 Source Server Version : 50720
 Source Host           : 172.16.4.112:3306
 Source Schema         : open_oauth_center

 Target Server Type    : MySQL
 Target Server Version : 50720
 File Encoding         : 65001

 Date: 28/08/2019 15:55:09
*/

SET NAMES utf8mb4;
SET FOREIGN_KEY_CHECKS = 0;

-- ----------------------------
-- Table structure for clientdetails
-- ----------------------------
DROP TABLE IF EXISTS `clientdetails`;
CREATE TABLE `clientdetails`  (
  `appId` varchar(256) CHARACTER SET utf8 COLLATE utf8_general_ci NOT NULL,
  `resourceIds` varchar(256) CHARACTER SET utf8 COLLATE utf8_general_ci NULL DEFAULT NULL,
  `appSecret` varchar(256) CHARACTER SET utf8 COLLATE utf8_general_ci NULL DEFAULT NULL,
  `scope` varchar(256) CHARACTER SET utf8 COLLATE utf8_general_ci NULL DEFAULT NULL,
  `grantTypes` varchar(256) CHARACTER SET utf8 COLLATE utf8_general_ci NULL DEFAULT NULL,
  `redirectUrl` varchar(256) CHARACTER SET utf8 COLLATE utf8_general_ci NULL DEFAULT NULL,
  `authorities` varchar(256) CHARACTER SET utf8 COLLATE utf8_general_ci NULL DEFAULT NULL,
  `access_token_validity` int(11) NULL DEFAULT NULL,
  `refresh_token_validity` int(11) NULL DEFAULT NULL,
  `additionalInformation` varchar(4096) CHARACTER SET utf8 COLLATE utf8_general_ci NULL DEFAULT NULL,
  `autoApproveScopes` varchar(256) CHARACTER SET utf8 COLLATE utf8_general_ci NULL DEFAULT NULL,
  PRIMARY KEY (`appId`) USING BTREE
) ENGINE = InnoDB CHARACTER SET = utf8 COLLATE = utf8_general_ci ROW_FORMAT = Dynamic;

-- ----------------------------
-- Table structure for flow_record
-- ----------------------------
DROP TABLE IF EXISTS `flow_record`;
CREATE TABLE `flow_record`  (
  `Id` bigint(20) NOT NULL AUTO_INCREMENT,
  `CreationTime` datetime(0) NULL DEFAULT NULL,
  `CreatorUserId` bigint(20) NULL DEFAULT NULL,
  `LastModificationTime` datetime(6) NULL DEFAULT NULL,
  `LastModifierUserId` bigint(20) NULL DEFAULT NULL,
  `user_id` bigint(20) NOT NULL,
  `order_id` bigint(20) NULL DEFAULT NULL,
  `name` varchar(255) CHARACTER SET utf8 COLLATE utf8_general_ci NULL DEFAULT NULL,
  `sum` decimal(10, 2) NOT NULL,
  PRIMARY KEY (`Id`) USING BTREE
) ENGINE = InnoDB AUTO_INCREMENT = 4 CHARACTER SET = utf8 COLLATE = utf8_general_ci COMMENT = '流水记录' ROW_FORMAT = Dynamic;

-- ----------------------------
-- Records of flow_record
-- ----------------------------
INSERT INTO `flow_record` VALUES (3, '2018-11-16 10:03:32', 1063251159214100481, NULL, NULL, 1063251159214100481, 5, '商品8927', 44.00);

-- ----------------------------
-- Table structure for goods_order
-- ----------------------------
DROP TABLE IF EXISTS `goods_order`;
CREATE TABLE `goods_order`  (
  `Id` bigint(20) NOT NULL AUTO_INCREMENT,
  `CreationTime` datetime(6) NULL DEFAULT NULL,
  `CreatorUserId` bigint(20) NULL DEFAULT NULL,
  `LastModificationTime` datetime(6) NULL DEFAULT NULL,
  `LastModifierUserId` bigint(20) NULL DEFAULT NULL,
  `goodsName` varchar(200) CHARACTER SET utf8 COLLATE utf8_general_ci NOT NULL,
  `count` int(11) NOT NULL,
  `sum` decimal(10, 0) NOT NULL,
  `userId` bigint(20) NOT NULL,
  `status` int(11) NOT NULL,
  PRIMARY KEY (`Id`) USING BTREE
) ENGINE = InnoDB AUTO_INCREMENT = 6 CHARACTER SET = utf8 COLLATE = utf8_general_ci COMMENT = '订单表' ROW_FORMAT = Dynamic;

-- ----------------------------
-- Records of goods_order
-- ----------------------------
INSERT INTO `goods_order` VALUES (1, '2018-11-16 09:05:02.111000', 1063236465921241090, NULL, NULL, '商品4888', 4, 22, 1063236465921241089, 1);
INSERT INTO `goods_order` VALUES (2, '2018-11-16 09:23:42.617000', 1063241165664092162, NULL, NULL, '商品5069', 0, 33, 1063241165664092161, 1);
INSERT INTO `goods_order` VALUES (3, '2018-11-16 09:43:31.118000', 1063246150598615043, NULL, NULL, '商品0855', 2, 50, 1063246150598615042, 1);
INSERT INTO `goods_order` VALUES (4, '2018-11-16 09:53:53.860000', 1063248762572017666, NULL, NULL, '商品8701', 9, 37, 1063248762572017665, 1);
INSERT INTO `goods_order` VALUES (5, '2018-11-16 10:03:25.264000', 1063251159214100482, NULL, NULL, '商品8927', 8, 44, 1063251159214100481, 1);

-- ----------------------------
-- Table structure for j_test
-- ----------------------------
DROP TABLE IF EXISTS `j_test`;
CREATE TABLE `j_test`  (
  `id` int(11) NULL DEFAULT NULL,
  `att1` varchar(100) CHARACTER SET utf8 COLLATE utf8_general_ci NULL DEFAULT NULL,
  `att2` varchar(100) CHARACTER SET utf8 COLLATE utf8_general_ci NULL DEFAULT NULL,
  `att3` varchar(100) CHARACTER SET utf8 COLLATE utf8_general_ci NULL DEFAULT NULL,
  `dd` datetime(0) NULL DEFAULT CURRENT_TIMESTAMP
) ENGINE = InnoDB CHARACTER SET = utf8 COLLATE = utf8_general_ci ROW_FORMAT = Dynamic;

-- ----------------------------
-- Records of j_test
-- ----------------------------
INSERT INTO `j_test` VALUES (1, 'afda', '', '', '2018-12-19 14:11:32');
INSERT INTO `j_test` VALUES (2, 'afda', '', '', '2018-12-19 14:11:54');
INSERT INTO `j_test` VALUES (3, 'afda', '', '', '2018-12-19 14:11:54');
INSERT INTO `j_test` VALUES (4, 'afda', '', '', '2018-12-19 14:11:54');
INSERT INTO `j_test` VALUES (5, 'afda', '', '', '2018-12-19 14:11:54');
INSERT INTO `j_test` VALUES (6, 'afda', '', '', '2018-12-19 14:11:54');

-- ----------------------------
-- Table structure for log_common_log
-- ----------------------------
DROP TABLE IF EXISTS `log_common_log`;
CREATE TABLE `log_common_log`  (
  `ID` bigint(20) NOT NULL AUTO_INCREMENT,
  `APP_CODE` varchar(32) CHARACTER SET utf8 COLLATE utf8_general_ci NULL DEFAULT NULL COMMENT '应用编码',
  `LEVEL` varchar(255) CHARACTER SET utf8 COLLATE utf8_general_ci NULL DEFAULT NULL COMMENT '日志级别 info，error，warn，debug',
  `CLASS_NAME` varchar(255) CHARACTER SET utf8 COLLATE utf8_general_ci NULL DEFAULT NULL COMMENT '类名',
  `METHOD_NAME` varchar(255) CHARACTER SET utf8 COLLATE utf8_general_ci NULL DEFAULT NULL COMMENT '打日志的方法的名称',
  `IP` varchar(25) CHARACTER SET utf8 COLLATE utf8_general_ci NULL DEFAULT NULL COMMENT '远程访问IP地址',
  `ACCOUNT_ID` varchar(30) CHARACTER SET utf8 COLLATE utf8_general_ci NULL DEFAULT NULL COMMENT '用户账号id',
  `REQUEST_NO` varchar(32) CHARACTER SET utf8 COLLATE utf8_general_ci NULL DEFAULT NULL COMMENT '日志号',
  `URL` varchar(200) CHARACTER SET utf8 COLLATE utf8_general_ci NULL DEFAULT NULL COMMENT '请求地址 ',
  `REQUEST_DATA` text CHARACTER SET utf8 COLLATE utf8_general_ci NULL COMMENT '请求的数据内容',
  `LOG_CONTENT` text CHARACTER SET utf8 COLLATE utf8_general_ci NULL COMMENT '日志详情',
  `CREATE_TIMESTAMP` bigint(20) NULL DEFAULT NULL COMMENT '创建时间',
  PRIMARY KEY (`ID`) USING BTREE,
  INDEX `_APP_CODE`(`APP_CODE`) USING BTREE,
  INDEX `_LEVEL`(`LEVEL`) USING BTREE,
  INDEX `_REQUEST_NO`(`REQUEST_NO`) USING BTREE,
  INDEX `_CREATE_TIME`(`CREATE_TIMESTAMP`) USING BTREE
) ENGINE = InnoDB AUTO_INCREMENT = 1 CHARACTER SET = utf8 COLLATE = utf8_general_ci ROW_FORMAT = Dynamic;

-- ----------------------------
-- Table structure for log_trace_log
-- ----------------------------
DROP TABLE IF EXISTS `log_trace_log`;
CREATE TABLE `log_trace_log`  (
  `ID` bigint(20) NOT NULL AUTO_INCREMENT,
  `APP_CODE` varchar(100) CHARACTER SET utf8 COLLATE utf8_general_ci NULL DEFAULT NULL COMMENT '应用编码',
  `IP` varchar(25) CHARACTER SET utf8 COLLATE utf8_general_ci NULL DEFAULT NULL COMMENT 'ip地址',
  `SERVLET_PATH` varchar(200) CHARACTER SET utf8 COLLATE utf8_general_ci NULL DEFAULT NULL COMMENT '请求路径',
  `RPC_PHASE` varchar(10) CHARACTER SET utf8 COLLATE utf8_general_ci NULL DEFAULT NULL COMMENT 'rpc调用类型，\n    G1,     //网关发送请求\n\n    G2,     //接收网关请求（切controller）\n\n    P1,     //调用端发送请求（切consumer）\n\n    P2,     //被调用端接收到请求（切provider）\n\n    P3,     //被调用端发送响应成功\n\n    P4,     //调用端接收到响应成功\n\n    EP3,    //被调用端发送响应失败\n\n    EP4,    //调用端接收到响应失败\n\n    G3,     //控制器响应网关成功\n\n    G4,     //网关接收到成功请求\n\n    EG3,    //控制器接收到错误响应\n\n    EG4,    //网关接收到错误响应',
  `TRACE_ID` varchar(100) CHARACTER SET utf8 COLLATE utf8_general_ci NULL DEFAULT NULL COMMENT '唯一请求号',
  `SPAN_ID` varchar(100) CHARACTER SET utf8 COLLATE utf8_general_ci NULL DEFAULT NULL COMMENT '节点id',
  `PARENT_SPAN_ID` varchar(100) CHARACTER SET utf8 COLLATE utf8_general_ci NULL DEFAULT NULL COMMENT '节点父id',
  `CONTENT` text CHARACTER SET utf8 COLLATE utf8_general_ci NULL COMMENT '日志内容',
  `CREATE_TIMESTAMP` bigint(20) NULL DEFAULT NULL COMMENT '生成时间戳',
  PRIMARY KEY (`ID`) USING BTREE,
  INDEX `_APP_CODE`(`APP_CODE`) USING BTREE,
  INDEX `_RPC_PHASE`(`RPC_PHASE`) USING BTREE,
  INDEX `_CREATE_TIME`(`CREATE_TIMESTAMP`) USING BTREE,
  INDEX `_TRACE_ID`(`TRACE_ID`) USING BTREE
) ENGINE = InnoDB AUTO_INCREMENT = 1 CHARACTER SET = utf8 COLLATE = utf8_general_ci ROW_FORMAT = Dynamic;

-- ----------------------------
-- Table structure for oauth_access_token
-- ----------------------------
DROP TABLE IF EXISTS `oauth_access_token`;
CREATE TABLE `oauth_access_token`  (
  `token_id` varchar(256) CHARACTER SET utf8 COLLATE utf8_general_ci NULL DEFAULT NULL,
  `token` blob NULL,
  `authentication_id` varchar(256) CHARACTER SET utf8 COLLATE utf8_general_ci NOT NULL,
  `user_name` blob NULL,
  `client_id` varchar(256) CHARACTER SET utf8 COLLATE utf8_general_ci NULL DEFAULT NULL,
  `authentication` blob NULL,
  `refresh_token` varchar(256) CHARACTER SET utf8 COLLATE utf8_general_ci NULL DEFAULT NULL,
  `create_time` datetime(0) NULL DEFAULT CURRENT_TIMESTAMP ON UPDATE CURRENT_TIMESTAMP(0),
  PRIMARY KEY (`authentication_id`) USING BTREE
) ENGINE = InnoDB CHARACTER SET = utf8 COLLATE = utf8_general_ci ROW_FORMAT = Dynamic;

-- ----------------------------
-- Records of oauth_access_token
-- ----------------------------
INSERT INTO `oauth_access_token` VALUES ('4d06a901d3ccc35e63870e99994c51c9', 0xACED0005737200436F72672E737072696E676672616D65776F726B2E73656375726974792E6F61757468322E636F6D6D6F6E2E44656661756C744F4175746832416363657373546F6B656E0CB29E361B24FACE0200064C00156164646974696F6E616C496E666F726D6174696F6E74000F4C6A6176612F7574696C2F4D61703B4C000A65787069726174696F6E7400104C6A6176612F7574696C2F446174653B4C000C72656672657368546F6B656E74003F4C6F72672F737072696E676672616D65776F726B2F73656375726974792F6F61757468322F636F6D6D6F6E2F4F417574683252656672657368546F6B656E3B4C000573636F706574000F4C6A6176612F7574696C2F5365743B4C0009746F6B656E547970657400124C6A6176612F6C616E672F537472696E673B4C000576616C756571007E000578707372001E6A6176612E7574696C2E436F6C6C656374696F6E7324456D7074794D6170593614855ADCE7D002000078707372000E6A6176612E7574696C2E44617465686A81014B597419030000787077080000016CD176BCCD787372004C6F72672E737072696E676672616D65776F726B2E73656375726974792E6F61757468322E636F6D6D6F6E2E44656661756C744578706972696E674F417574683252656672657368546F6B656E2FDF47639DD0C9B70200014C000A65787069726174696F6E71007E0002787200446F72672E737072696E676672616D65776F726B2E73656375726974792E6F61757468322E636F6D6D6F6E2E44656661756C744F417574683252656672657368546F6B656E73E10E0A6354D45E0200014C000576616C756571007E0005787074002436396435333232362D383064332D343937662D626337362D3230366336336363313164367371007E000977080000016D437BCA9278737200256A6176612E7574696C2E436F6C6C656374696F6E7324556E6D6F6469666961626C65536574801D92D18F9B80550200007872002C6A6176612E7574696C2E436F6C6C656374696F6E7324556E6D6F6469666961626C65436F6C6C656374696F6E19420080CB5EF71E0200014C0001637400164C6A6176612F7574696C2F436F6C6C656374696F6E3B7870737200176A6176612E7574696C2E4C696E6B656448617368536574D86CD75A95DD2A1E020000787200116A6176612E7574696C2E48617368536574BA44859596B8B7340300007870770C000000103F400000000000017400036170707874000662656172657274002465653962393432312D363638372D346362382D396435332D313530353530636631356232, '4bc694656bdac22502c06b1c422281b8', 0x61646D696E, 'webApp', 0xACED0005737200416F72672E737072696E676672616D65776F726B2E73656375726974792E6F61757468322E70726F76696465722E4F417574683241757468656E7469636174696F6EBD400B02166252130200024C000D73746F7265645265717565737474003C4C6F72672F737072696E676672616D65776F726B2F73656375726974792F6F61757468322F70726F76696465722F4F4175746832526571756573743B4C00127573657241757468656E7469636174696F6E7400324C6F72672F737072696E676672616D65776F726B2F73656375726974792F636F72652F41757468656E7469636174696F6E3B787200476F72672E737072696E676672616D65776F726B2E73656375726974792E61757468656E7469636174696F6E2E416273747261637441757468656E7469636174696F6E546F6B656ED3AA287E6E47640E0200035A000D61757468656E746963617465644C000B617574686F7269746965737400164C6A6176612F7574696C2F436F6C6C656374696F6E3B4C000764657461696C737400124C6A6176612F6C616E672F4F626A6563743B787000737200266A6176612E7574696C2E436F6C6C656374696F6E7324556E6D6F6469666961626C654C697374FC0F2531B5EC8E100200014C00046C6973747400104C6A6176612F7574696C2F4C6973743B7872002C6A6176612E7574696C2E436F6C6C656374696F6E7324556E6D6F6469666961626C65436F6C6C656374696F6E19420080CB5EF71E0200014C00016371007E00047870737200136A6176612E7574696C2E41727261794C6973747881D21D99C7619D03000149000473697A65787000000001770400000001737200426F72672E737072696E676672616D65776F726B2E73656375726974792E636F72652E617574686F726974792E53696D706C654772616E746564417574686F7269747900000000000001FE0200014C0004726F6C657400124C6A6176612F6C616E672F537472696E673B787074000A524F4C455F49543030317871007E000C707372003A6F72672E737072696E676672616D65776F726B2E73656375726974792E6F61757468322E70726F76696465722E4F41757468325265717565737400000000000000010200075A0008617070726F7665644C000B617574686F72697469657371007E00044C000A657874656E73696F6E7374000F4C6A6176612F7574696C2F4D61703B4C000B726564697265637455726971007E000E4C00077265667265736874003B4C6F72672F737072696E676672616D65776F726B2F73656375726974792F6F61757468322F70726F76696465722F546F6B656E526571756573743B4C000B7265736F7572636549647374000F4C6A6176612F7574696C2F5365743B4C000D726573706F6E7365547970657371007E0014787200386F72672E737072696E676672616D65776F726B2E73656375726974792E6F61757468322E70726F76696465722E426173655265717565737436287A3EA37169BD0200034C0008636C69656E74496471007E000E4C001172657175657374506172616D657465727371007E00124C000573636F706571007E00147870740006776562417070737200256A6176612E7574696C2E436F6C6C656374696F6E7324556E6D6F6469666961626C654D6170F1A5A8FE74F507420200014C00016D71007E00127870737200116A6176612E7574696C2E486173684D61700507DAC1C31660D103000246000A6C6F6164466163746F724900097468726573686F6C6478703F400000000000017708000000020000000174000A6772616E745F74797065740008637573746F6D657278737200256A6176612E7574696C2E436F6C6C656374696F6E7324556E6D6F6469666961626C65536574801D92D18F9B80550200007871007E0009737200176A6176612E7574696C2E4C696E6B656448617368536574D86CD75A95DD2A1E020000787200116A6176612E7574696C2E48617368536574BA44859596B8B7340300007870770C000000103F4000000000000174000361707078017371007E0021770C000000103F40000000000000787371007E001A3F40000000000000770800000010000000007870707371007E0021770C000000103F40000000000000787371007E0021770C000000103F40000000000000787372004F6F72672E737072696E676672616D65776F726B2E73656375726974792E61757468656E7469636174696F6E2E557365726E616D6550617373776F726441757468656E7469636174696F6E546F6B656E00000000000001FE0200024C000B63726564656E7469616C7371007E00054C00097072696E636970616C71007E00057871007E0003017371007E00077371007E000B0000000177040000000171007E000F7871007E002B707073720028636F6D2E63656E7472616C2E636F72652E6D6F64656C2E757365722E4C6F67696E4170705573657265355B12EA8AAD860200014C000B7065726D697373696F6E7371007E001478720023636F6D2E63656E7472616C2E636F72652E6D6F64656C2E757365722E537973557365729A86B35174A47CC20200114C0005656D61696C71007E000E4C0007656E61626C65647400134C6A6176612F6C616E672F426F6F6C65616E3B4C000269647400104C6A6176612F6C616E672F4C6F6E673B4C000D6C6173744C6F67696E54696D657400104C6A6176612F7574696C2F446174653B4C00066D6F62696C6571007E000E4C00066E616D65436E71007E000E4C000B6E657750617373776F726471007E000E4C000B6F6C6450617373776F726471007E000E4C00066F6E4C696E6571007E002E4C00066F70656E496471007E000E4C000870617373776F726471007E000E4C000772656D61726B7371007E000E4C0006726F6C65496471007E000E4C0005726F6C657371007E00084C00047479706571007E000E4C000A757365725374617475737400134C6A6176612F6C616E672F496E74656765723B4C0008757365726E616D6571007E000E7872002F636F6D2E63656E7472616C2E636F72652E6D6F64656C2E636F6D6D6F6E2E46756C6C41756469746564456E74697479C0C261DCE32EC08D0200034A000D64656C657465725573657249644C000C64656C6574696F6E54696D6571007E00304C0009697344656C6574656471007E002E7872002B636F6D2E63656E7472616C2E636F72652E6D6F64656C2E636F6D6D6F6E2E41756469746564456E746974792DE91B2B4A5FCF5B0200044C000C6372656174696F6E54696D6571007E00304C000D63726561746F7255736572496471007E002F4C00146C6173744D6F64696669636174696F6E54696D6571007E00304C00126C6173744D6F64696669657255736572496471007E002F78720035636F6D2E62616F6D69646F752E6D796261746973706C75732E657874656E73696F6E2E6163746976657265636F72642E4D6F64656C000000000000000102000078707372000E6A6176612E7574696C2E44617465686A81014B59741903000078707708000001668CFAD22078707070000000000000000070737200116A6176612E6C616E672E426F6F6C65616ECD207280D59CFAEE0200015A000576616C756578700074000E333639373837314071712E636F6D7371007E0038017372000E6A6176612E6C616E672E4C6F6E673B8BE490CC8F23DF0200014A000576616C7565787200106A6176612E6C616E672E4E756D62657286AC951D0B94E08B020000787000000000000000017074000B3133383030313338303030740009E7AEA1E79086E59198707071007E003974000561646D696E740020633463613432333861306239323338323064636335303961366637353834396274000772656D61726B73707371007E000B0000000177040000000173720023636F6D2E63656E7472616C2E636F72652E6D6F64656C2E757365722E537973526F6C653E691532A832947F0200064C0002696471007E002F4C000D697344656661756C74526F6C6571007E002E4C0008726F6C65436F646571007E000E4C000F726F6C654465736372697074696F6E71007E000E4C0008726F6C654E616D6571007E000E4C000675736572496471007E002F7871007E00327371007E0036770800000166880F0E207871007E003E707000000000000000007071007E003971007E003E71007E003971007E00107400204954E7AEA1E79086E59198EFBC8CE68BA5E69C89E8B685E7BAA7E69D83E9999074000B4954E7AEA1E79086E59198707870737200116A6176612E6C616E672E496E746567657212E2A0A4F781873802000149000576616C75657871007E003D0000000174000561646D696E70, '22aba72f488af7a35a650996ddc67834', '2019-08-27 13:02:13');
INSERT INTO `oauth_access_token` VALUES ('2e8fc3be58c31d2bc79698c65660b407', 0xACED0005737200436F72672E737072696E676672616D65776F726B2E73656375726974792E6F61757468322E636F6D6D6F6E2E44656661756C744F4175746832416363657373546F6B656E0CB29E361B24FACE0200064C00156164646974696F6E616C496E666F726D6174696F6E74000F4C6A6176612F7574696C2F4D61703B4C000A65787069726174696F6E7400104C6A6176612F7574696C2F446174653B4C000C72656672657368546F6B656E74003F4C6F72672F737072696E676672616D65776F726B2F73656375726974792F6F61757468322F636F6D6D6F6E2F4F417574683252656672657368546F6B656E3B4C000573636F706574000F4C6A6176612F7574696C2F5365743B4C0009746F6B656E547970657400124C6A6176612F6C616E672F537472696E673B4C000576616C756571007E000578707372001E6A6176612E7574696C2E436F6C6C656374696F6E7324456D7074794D6170593614855ADCE7D002000078707372000E6A6176612E7574696C2E44617465686A81014B597419030000787077080000016C708B4C43787372004C6F72672E737072696E676672616D65776F726B2E73656375726974792E6F61757468322E636F6D6D6F6E2E44656661756C744578706972696E674F417574683252656672657368546F6B656E2FDF47639DD0C9B70200014C000A65787069726174696F6E71007E0002787200446F72672E737072696E676672616D65776F726B2E73656375726974792E6F61757468322E636F6D6D6F6E2E44656661756C744F417574683252656672657368546F6B656E73E10E0A6354D45E0200014C000576616C756571007E0005787074002466313864353533332D376435392D343238322D623364642D3563656437616637373363377371007E000977080000016C761E885578737200256A6176612E7574696C2E436F6C6C656374696F6E7324556E6D6F6469666961626C65536574801D92D18F9B80550200007872002C6A6176612E7574696C2E436F6C6C656374696F6E7324556E6D6F6469666961626C65436F6C6C656374696F6E19420080CB5EF71E0200014C0001637400164C6A6176612F7574696C2F436F6C6C656374696F6E3B7870737200176A6176612E7574696C2E4C696E6B656448617368536574D86CD75A95DD2A1E020000787200116A6176612E7574696C2E48617368536574BA44859596B8B7340300007870770C000000023F40000000000001740003616C6C7874000662656172657274002463323466393037332D363735312D343430352D613963352D363238393663333934666634, '8c7e26889187f2d5865b42a01956bf13', 0x61646D696E, 'shgl', 0xACED0005737200416F72672E737072696E676672616D65776F726B2E73656375726974792E6F61757468322E70726F76696465722E4F417574683241757468656E7469636174696F6EBD400B02166252130200024C000D73746F7265645265717565737474003C4C6F72672F737072696E676672616D65776F726B2F73656375726974792F6F61757468322F70726F76696465722F4F4175746832526571756573743B4C00127573657241757468656E7469636174696F6E7400324C6F72672F737072696E676672616D65776F726B2F73656375726974792F636F72652F41757468656E7469636174696F6E3B787200476F72672E737072696E676672616D65776F726B2E73656375726974792E61757468656E7469636174696F6E2E416273747261637441757468656E7469636174696F6E546F6B656ED3AA287E6E47640E0200035A000D61757468656E746963617465644C000B617574686F7269746965737400164C6A6176612F7574696C2F436F6C6C656374696F6E3B4C000764657461696C737400124C6A6176612F6C616E672F4F626A6563743B787000737200266A6176612E7574696C2E436F6C6C656374696F6E7324556E6D6F6469666961626C654C697374FC0F2531B5EC8E100200014C00046C6973747400104C6A6176612F7574696C2F4C6973743B7872002C6A6176612E7574696C2E436F6C6C656374696F6E7324556E6D6F6469666961626C65436F6C6C656374696F6E19420080CB5EF71E0200014C00016371007E00047870737200136A6176612E7574696C2E41727261794C6973747881D21D99C7619D03000149000473697A65787000000001770400000001737200426F72672E737072696E676672616D65776F726B2E73656375726974792E636F72652E617574686F726974792E53696D706C654772616E746564417574686F7269747900000000000001FE0200014C0004726F6C657400124C6A6176612F6C616E672F537472696E673B787074000A524F4C455F49543030317871007E000C707372003A6F72672E737072696E676672616D65776F726B2E73656375726974792E6F61757468322E70726F76696465722E4F41757468325265717565737400000000000000010200075A0008617070726F7665644C000B617574686F72697469657371007E00044C000A657874656E73696F6E7374000F4C6A6176612F7574696C2F4D61703B4C000B726564697265637455726971007E000E4C00077265667265736874003B4C6F72672F737072696E676672616D65776F726B2F73656375726974792F6F61757468322F70726F76696465722F546F6B656E526571756573743B4C000B7265736F7572636549647374000F4C6A6176612F7574696C2F5365743B4C000D726573706F6E7365547970657371007E0014787200386F72672E737072696E676672616D65776F726B2E73656375726974792E6F61757468322E70726F76696465722E426173655265717565737436287A3EA37169BD0200034C0008636C69656E74496471007E000E4C001172657175657374506172616D657465727371007E00124C000573636F706571007E001478707400047368676C737200256A6176612E7574696C2E436F6C6C656374696F6E7324556E6D6F6469666961626C654D6170F1A5A8FE74F507420200014C00016D71007E00127870737200116A6176612E7574696C2E486173684D61700507DAC1C31660D103000246000A6C6F6164466163746F724900097468726573686F6C6478703F4000000000000C77080000001000000007740004636F64657400206B31594E476E54534932425375736132536351726136644E383142383472725374000A6772616E745F74797065740012617574686F72697A6174696F6E5F636F646574000D726573706F6E73655F74797065740004636F64657400057374617465740020373237386330333637366561343861396133653735313562313361626132393074000C72656469726563745F75726974002F687474703A2F2F6C6F63616C686F73742F47656F53472E5765622F4163636F756E742F546F54686972644F4175746874000D636C69656E745F7365637265747400047368676C740009636C69656E745F69647400047368676C78737200256A6176612E7574696C2E436F6C6C656374696F6E7324556E6D6F6469666961626C65536574801D92D18F9B80550200007871007E0009737200176A6176612E7574696C2E4C696E6B656448617368536574D86CD75A95DD2A1E020000787200116A6176612E7574696C2E48617368536574BA44859596B8B7340300007870770C000000103F40000000000001740003616C6C78017371007E002D770C000000103F40000000000000787371007E001A3F40000000000000770800000010000000007874002F687474703A2F2F6C6F63616C686F73742F47656F53472E5765622F4163636F756E742F546F54686972644F41757468707371007E002D770C000000103F40000000000000787371007E002D770C000000103F4000000000000171007E0021787372004F6F72672E737072696E676672616D65776F726B2E73656375726974792E61757468656E7469636174696F6E2E557365726E616D6550617373776F726441757468656E7469636174696F6E546F6B656E00000000000001FE0200024C000B63726564656E7469616C7371007E00054C00097072696E636970616C71007E00057871007E0003017371007E00077371007E000B0000000177040000000171007E000F7871007E0038737200486F72672E737072696E676672616D65776F726B2E73656375726974792E7765622E61757468656E7469636174696F6E2E57656241757468656E7469636174696F6E44657461696C7300000000000001FE0200024C000D72656D6F74654164647265737371007E000E4C000973657373696F6E496471007E000E787074000C31302E3139392E362E32313874002434306434663266332D396164652D346161352D616334362D3766333831396265326230367073720028636F6D2E63656E7472616C2E636F72652E6D6F64656C2E757365722E4C6F67696E4170705573657265355B12EA8AAD860200014C000B7065726D697373696F6E7371007E001478720023636F6D2E63656E7472616C2E636F72652E6D6F64656C2E757365722E537973557365729A86B35174A47CC20200114C0005656D61696C71007E000E4C0007656E61626C65647400134C6A6176612F6C616E672F426F6F6C65616E3B4C000269647400104C6A6176612F6C616E672F4C6F6E673B4C000D6C6173744C6F67696E54696D657400104C6A6176612F7574696C2F446174653B4C00066D6F62696C6571007E000E4C00066E616D65436E71007E000E4C000B6E657750617373776F726471007E000E4C000B6F6C6450617373776F726471007E000E4C00066F6E4C696E6571007E003F4C00066F70656E496471007E000E4C000870617373776F726471007E000E4C000772656D61726B7371007E000E4C0006726F6C65496471007E000E4C0005726F6C657371007E00084C00047479706571007E000E4C000A757365725374617475737400134C6A6176612F6C616E672F496E74656765723B4C0008757365726E616D6571007E000E7872002F636F6D2E63656E7472616C2E636F72652E6D6F64656C2E636F6D6D6F6E2E46756C6C41756469746564456E74697479C0C261DCE32EC08D0200034A000D64656C657465725573657249644C000C64656C6574696F6E54696D6571007E00414C0009697344656C6574656471007E003F7872002B636F6D2E63656E7472616C2E636F72652E6D6F64656C2E636F6D6D6F6E2E41756469746564456E746974792DE91B2B4A5FCF5B0200044C000C6372656174696F6E54696D6571007E00414C000D63726561746F7255736572496471007E00404C00146C6173744D6F64696669636174696F6E54696D6571007E00414C00126C6173744D6F64696669657255736572496471007E004078720035636F6D2E62616F6D69646F752E6D796261746973706C75732E657874656E73696F6E2E6163746976657265636F72642E4D6F64656C000000000000000102000078707372000E6A6176612E7574696C2E44617465686A81014B59741903000078707708000001668CFAD22078707070000000000000000070737200116A6176612E6C616E672E426F6F6C65616ECD207280D59CFAEE0200015A000576616C756578700074000E333639373837314071712E636F6D7371007E0049017372000E6A6176612E6C616E672E4C6F6E673B8BE490CC8F23DF0200014A000576616C7565787200106A6176612E6C616E672E4E756D62657286AC951D0B94E08B020000787000000000000000017074000B3133383030313338303030740009E7AEA1E79086E59198707071007E004A74000561646D696E740020633463613432333861306239323338323064636335303961366637353834396274000772656D61726B73707371007E000B0000000177040000000173720023636F6D2E63656E7472616C2E636F72652E6D6F64656C2E757365722E537973526F6C653E691532A832947F0200064C0002696471007E00404C000D697344656661756C74526F6C6571007E003F4C0008726F6C65436F646571007E000E4C000F726F6C654465736372697074696F6E71007E000E4C0008726F6C654E616D6571007E000E4C000675736572496471007E00407871007E00437371007E0047770800000166880F0E207871007E004F707000000000000000007071007E004A71007E004F71007E004A71007E00107400204954E7AEA1E79086E59198EFBC8CE68BA5E69C89E8B685E7BAA7E69D83E9999074000B4954E7AEA1E79086E59198707870737200116A6176612E6C616E672E496E746567657212E2A0A4F781873802000149000576616C75657871007E004E0000000174000561646D696E70, '7efbb67b1f8c76b2401acd078407b627', '2019-08-08 15:32:04');

-- ----------------------------
-- Table structure for oauth_approvals
-- ----------------------------
DROP TABLE IF EXISTS `oauth_approvals`;
CREATE TABLE `oauth_approvals`  (
  `userId` varchar(256) CHARACTER SET utf8 COLLATE utf8_general_ci NULL DEFAULT NULL,
  `clientId` varchar(256) CHARACTER SET utf8 COLLATE utf8_general_ci NULL DEFAULT NULL,
  `scope` varchar(256) CHARACTER SET utf8 COLLATE utf8_general_ci NULL DEFAULT NULL,
  `status` varchar(10) CHARACTER SET utf8 COLLATE utf8_general_ci NULL DEFAULT NULL,
  `expiresAt` timestamp(0) NOT NULL DEFAULT CURRENT_TIMESTAMP ON UPDATE CURRENT_TIMESTAMP(0),
  `lastModifiedAt` timestamp(0) NOT NULL,
  `create_time` timestamp(0) NULL DEFAULT CURRENT_TIMESTAMP
) ENGINE = InnoDB CHARACTER SET = utf8 COLLATE = utf8_general_ci ROW_FORMAT = Dynamic;

-- ----------------------------
-- Table structure for oauth_client_details
-- ----------------------------
DROP TABLE IF EXISTS `oauth_client_details`;
CREATE TABLE `oauth_client_details`  (
  `id` int(11) NOT NULL AUTO_INCREMENT COMMENT '主键',
  `client_id` varchar(50) CHARACTER SET utf8 COLLATE utf8_general_ci NOT NULL COMMENT '应用标识',
  `resource_ids` varchar(256) CHARACTER SET utf8 COLLATE utf8_general_ci NULL DEFAULT NULL COMMENT '资源限定串(逗号分割)',
  `client_secret` varchar(256) CHARACTER SET utf8 COLLATE utf8_general_ci NULL DEFAULT NULL COMMENT '应用密钥(bcyt) 加密',
  `client_secret_str` varchar(256) CHARACTER SET utf8 COLLATE utf8_general_ci NULL DEFAULT NULL COMMENT '应用密钥(明文)',
  `scope` varchar(256) CHARACTER SET utf8 COLLATE utf8_general_ci NULL DEFAULT NULL COMMENT '范围',
  `authorized_grant_types` varchar(256) CHARACTER SET utf8 COLLATE utf8_general_ci NULL DEFAULT NULL COMMENT '5种oauth授权方式(authorization_code,password,refresh_token,client_credentials)',
  `web_server_redirect_uri` varchar(256) CHARACTER SET utf8 COLLATE utf8_general_ci NULL DEFAULT NULL COMMENT '回调地址 ',
  `authorities` varchar(256) CHARACTER SET utf8 COLLATE utf8_general_ci NULL DEFAULT NULL COMMENT '权限',
  `access_token_validity` int(11) NULL DEFAULT NULL COMMENT 'access_token有效期',
  `refresh_token_validity` int(11) NULL DEFAULT NULL COMMENT 'refresh_token有效期',
  `additional_information` varchar(4096) CHARACTER SET utf8 COLLATE utf8_general_ci NULL DEFAULT '{}' COMMENT '{}',
  `autoapprove` varchar(256) CHARACTER SET utf8 COLLATE utf8_general_ci NULL DEFAULT NULL COMMENT '是否自动授权 是-true',
  `name` varchar(50) CHARACTER SET utf8 COLLATE utf8_general_ci NULL DEFAULT NULL COMMENT '应用名称',
  `icon` varchar(100) CHARACTER SET utf8 COLLATE utf8_general_ci NULL DEFAULT NULL COMMENT '应用logo',
  `type` smallint(6) NULL DEFAULT NULL COMMENT '应用类型（1：pc 2:app 3:third）',
  PRIMARY KEY (`id`) USING BTREE
) ENGINE = InnoDB AUTO_INCREMENT = 7 CHARACTER SET = utf8 COLLATE = utf8_general_ci ROW_FORMAT = Dynamic;

-- ----------------------------
-- Records of oauth_client_details
-- ----------------------------
INSERT INTO `oauth_client_details` VALUES (1, 'app', NULL, '$2a$10$i3F515wEDiB4Gvj9ym9Prui0dasRttEUQ9ink4Wpgb4zEDCAlV8zO', 'app', 'app', 'password,refresh_token', NULL, NULL, 180000, NULL, '{}', 'true', '智慧城管子系统', 'assets/images/icon_01.png', 1);
INSERT INTO `oauth_client_details` VALUES (2, 'mobile', 'mobile,test', '$2a$10$ULxRssv/4NWOc388lZFbyus3IFfsbcpG/BZOq4TRxDhsx5HHIR7Jm', 'mobile', 'all', 'password,refresh_token', NULL, NULL, 180000, NULL, '{}', 'true', '城管App应用', 'assets/images/icon_01.png', 2);
INSERT INTO `oauth_client_details` VALUES (4, 'webApp', '', '02fdd2b34ff1e65457bf65d20b28965d', 'webApp', 'app', 'authorization_code,password,refresh_token,client_credentials', NULL, NULL, 180, NULL, '{}', 'true', '系统后台应用', 'assets/images/icon_01.png', 1);
INSERT INTO `oauth_client_details` VALUES (5, 'beck', '', '$2a$10$56LGyH.2wOFNNp3ScUkspOMdyRnenYhnWEnfI0itIFfsXsd5ZhKh.', 'beck', 'all', 'authorization_code,password,refresh_token,client_credentials', 'http://www.baidu.com', '', 180, NULL, '{}', 'true', '测试子系统', 'assets/images/icon_01.png', 1);
INSERT INTO `oauth_client_details` VALUES (6, 'shgl', NULL, 'bd832cf2ff8b61fcc4b3e1896ac29f2e', 'shgl', 'all', 'authorization_code,password,refresh_token,client_credentials', 'http://localhost/GeoSG.Web/Account/ToThirdOAuth', NULL, 7200, 180000, '{}', 'false', '社会管理子系统', 'assets/images/icon_01.png', 1);

-- ----------------------------
-- Table structure for oauth_client_token
-- ----------------------------
DROP TABLE IF EXISTS `oauth_client_token`;
CREATE TABLE `oauth_client_token`  (
  `token_id` varchar(256) CHARACTER SET utf8 COLLATE utf8_general_ci NULL DEFAULT NULL,
  `token` blob NULL,
  `authentication_id` varchar(256) CHARACTER SET utf8 COLLATE utf8_general_ci NOT NULL,
  `user_name` varchar(256) CHARACTER SET utf8 COLLATE utf8_general_ci NULL DEFAULT NULL,
  `client_id` varchar(256) CHARACTER SET utf8 COLLATE utf8_general_ci NULL DEFAULT NULL,
  `create_time` datetime(0) NULL DEFAULT CURRENT_TIMESTAMP,
  PRIMARY KEY (`authentication_id`) USING BTREE
) ENGINE = InnoDB CHARACTER SET = utf8 COLLATE = utf8_general_ci ROW_FORMAT = Dynamic;

-- ----------------------------
-- Table structure for oauth_code
-- ----------------------------
DROP TABLE IF EXISTS `oauth_code`;
CREATE TABLE `oauth_code`  (
  `code` varchar(256) CHARACTER SET utf8 COLLATE utf8_general_ci NULL DEFAULT NULL,
  `authentication` blob NULL,
  `create_time` datetime(0) NULL DEFAULT CURRENT_TIMESTAMP
) ENGINE = InnoDB CHARACTER SET = utf8 COLLATE = utf8_general_ci ROW_FORMAT = Dynamic;

-- ----------------------------
-- Records of oauth_code
-- ----------------------------
INSERT INTO `oauth_code` VALUES ('czeAZ0eSK3dfHFeEfsyOKUEywotmb9ok', 0xACED0005737200416F72672E737072696E676672616D65776F726B2E73656375726974792E6F61757468322E70726F76696465722E4F417574683241757468656E7469636174696F6EBD400B02166252130200024C000D73746F7265645265717565737474003C4C6F72672F737072696E676672616D65776F726B2F73656375726974792F6F61757468322F70726F76696465722F4F4175746832526571756573743B4C00127573657241757468656E7469636174696F6E7400324C6F72672F737072696E676672616D65776F726B2F73656375726974792F636F72652F41757468656E7469636174696F6E3B787200476F72672E737072696E676672616D65776F726B2E73656375726974792E61757468656E7469636174696F6E2E416273747261637441757468656E7469636174696F6E546F6B656ED3AA287E6E47640E0200035A000D61757468656E746963617465644C000B617574686F7269746965737400164C6A6176612F7574696C2F436F6C6C656374696F6E3B4C000764657461696C737400124C6A6176612F6C616E672F4F626A6563743B787000737200266A6176612E7574696C2E436F6C6C656374696F6E7324556E6D6F6469666961626C654C697374FC0F2531B5EC8E100200014C00046C6973747400104C6A6176612F7574696C2F4C6973743B7872002C6A6176612E7574696C2E436F6C6C656374696F6E7324556E6D6F6469666961626C65436F6C6C656374696F6E19420080CB5EF71E0200014C00016371007E00047870737200136A6176612E7574696C2E41727261794C6973747881D21D99C7619D03000149000473697A65787000000001770400000001737200426F72672E737072696E676672616D65776F726B2E73656375726974792E636F72652E617574686F726974792E53696D706C654772616E746564417574686F7269747900000000000001FE0200014C0004726F6C657400124C6A6176612F6C616E672F537472696E673B787074000A524F4C455F49543030317871007E000C707372003A6F72672E737072696E676672616D65776F726B2E73656375726974792E6F61757468322E70726F76696465722E4F41757468325265717565737400000000000000010200075A0008617070726F7665644C000B617574686F72697469657371007E00044C000A657874656E73696F6E7374000F4C6A6176612F7574696C2F4D61703B4C000B726564697265637455726971007E000E4C00077265667265736874003B4C6F72672F737072696E676672616D65776F726B2F73656375726974792F6F61757468322F70726F76696465722F546F6B656E526571756573743B4C000B7265736F7572636549647374000F4C6A6176612F7574696C2F5365743B4C000D726573706F6E7365547970657371007E0014787200386F72672E737072696E676672616D65776F726B2E73656375726974792E6F61757468322E70726F76696465722E426173655265717565737436287A3EA37169BD0200034C0008636C69656E74496471007E000E4C001172657175657374506172616D657465727371007E00124C000573636F706571007E001478707400047368676C737200256A6176612E7574696C2E436F6C6C656374696F6E7324556E6D6F6469666961626C654D6170F1A5A8FE74F507420200014C00016D71007E00127870737200116A6176612E7574696C2E486173684D61700507DAC1C31660D103000246000A6C6F6164466163746F724900097468726573686F6C6478703F400000000000067708000000080000000474000D726573706F6E73655F74797065740004636F64657400057374617465740020343038363533643563653666343233346132353666613362666163636366646574000C72656469726563745F75726974002F687474703A2F2F6C6F63616C686F73742F47656F53472E5765622F4163636F756E742F546F54686972644F41757468740009636C69656E745F696471007E001778737200256A6176612E7574696C2E436F6C6C656374696F6E7324556E6D6F6469666961626C65536574801D92D18F9B80550200007871007E0009737200176A6176612E7574696C2E4C696E6B656448617368536574D86CD75A95DD2A1E020000787200116A6176612E7574696C2E48617368536574BA44859596B8B7340300007870770C000000103F40000000000001740003616C6C78017371007E0026770C000000103F40000000000000787371007E001A3F40000000000000770800000010000000007871007E0021707371007E0026770C000000103F40000000000000787371007E0026770C000000103F4000000000000171007E001D787372004F6F72672E737072696E676672616D65776F726B2E73656375726974792E61757468656E7469636174696F6E2E557365726E616D6550617373776F726441757468656E7469636174696F6E546F6B656E00000000000001FE0200024C000B63726564656E7469616C7371007E00054C00097072696E636970616C71007E00057871007E0003017371007E00077371007E000B0000000177040000000171007E000F7871007E0030707073720028636F6D2E63656E7472616C2E636F72652E6D6F64656C2E757365722E4C6F67696E4170705573657265355B12EA8AAD860200014C000B7065726D697373696F6E7371007E001478720023636F6D2E63656E7472616C2E636F72652E6D6F64656C2E757365722E537973557365729A86B35174A47CC20200114C0005656D61696C71007E000E4C0007656E61626C65647400134C6A6176612F6C616E672F426F6F6C65616E3B4C000269647400104C6A6176612F6C616E672F4C6F6E673B4C000D6C6173744C6F67696E54696D657400104C6A6176612F7574696C2F446174653B4C00066D6F62696C6571007E000E4C00066E616D65436E71007E000E4C000B6E657750617373776F726471007E000E4C000B6F6C6450617373776F726471007E000E4C00066F6E4C696E6571007E00334C00066F70656E496471007E000E4C000870617373776F726471007E000E4C000772656D61726B7371007E000E4C0006726F6C65496471007E000E4C0005726F6C657371007E00084C00047479706571007E000E4C000A757365725374617475737400134C6A6176612F6C616E672F496E74656765723B4C0008757365726E616D6571007E000E7872002F636F6D2E63656E7472616C2E636F72652E6D6F64656C2E636F6D6D6F6E2E46756C6C41756469746564456E74697479C0C261DCE32EC08D0200034A000D64656C657465725573657249644C000C64656C6574696F6E54696D6571007E00354C0009697344656C6574656471007E00337872002B636F6D2E63656E7472616C2E636F72652E6D6F64656C2E636F6D6D6F6E2E41756469746564456E746974792DE91B2B4A5FCF5B0200044C000C6372656174696F6E54696D6571007E00354C000D63726561746F7255736572496471007E00344C00146C6173744D6F64696669636174696F6E54696D6571007E00354C00126C6173744D6F64696669657255736572496471007E003478720035636F6D2E62616F6D69646F752E6D796261746973706C75732E657874656E73696F6E2E6163746976657265636F72642E4D6F64656C000000000000000102000078707372000E6A6176612E7574696C2E44617465686A81014B59741903000078707708000001668CFAD22078707070000000000000000070737200116A6176612E6C616E672E426F6F6C65616ECD207280D59CFAEE0200015A000576616C756578700074000E333639373837314071712E636F6D7371007E003D017372000E6A6176612E6C616E672E4C6F6E673B8BE490CC8F23DF0200014A000576616C7565787200106A6176612E6C616E672E4E756D62657286AC951D0B94E08B020000787000000000000000017074000B3133383030313338303030740009E7AEA1E79086E59198707071007E003E74000561646D696E740020633463613432333861306239323338323064636335303961366637353834396274000772656D61726B73707371007E000B0000000177040000000173720023636F6D2E63656E7472616C2E636F72652E6D6F64656C2E757365722E537973526F6C653E691532A832947F0200064C0002696471007E00344C000D697344656661756C74526F6C6571007E00334C0008726F6C65436F646571007E000E4C000F726F6C654465736372697074696F6E71007E000E4C0008726F6C654E616D6571007E000E4C000675736572496471007E00347871007E00377371007E003B770800000166880F0E207871007E0043707000000000000000007071007E003E71007E004371007E003E71007E00107400204954E7AEA1E79086E59198EFBC8CE68BA5E69C89E8B685E7BAA7E69D83E9999074000B4954E7AEA1E79086E59198707870737200116A6176612E6C616E672E496E746567657212E2A0A4F781873802000149000576616C75657871007E00420000000174000561646D696E70, '2019-08-20 00:31:38');
INSERT INTO `oauth_code` VALUES ('V0bvQXgBCFYIhaIeCD0BARmJNYI6dLYF', 0xACED0005737200416F72672E737072696E676672616D65776F726B2E73656375726974792E6F61757468322E70726F76696465722E4F417574683241757468656E7469636174696F6EBD400B02166252130200024C000D73746F7265645265717565737474003C4C6F72672F737072696E676672616D65776F726B2F73656375726974792F6F61757468322F70726F76696465722F4F4175746832526571756573743B4C00127573657241757468656E7469636174696F6E7400324C6F72672F737072696E676672616D65776F726B2F73656375726974792F636F72652F41757468656E7469636174696F6E3B787200476F72672E737072696E676672616D65776F726B2E73656375726974792E61757468656E7469636174696F6E2E416273747261637441757468656E7469636174696F6E546F6B656ED3AA287E6E47640E0200035A000D61757468656E746963617465644C000B617574686F7269746965737400164C6A6176612F7574696C2F436F6C6C656374696F6E3B4C000764657461696C737400124C6A6176612F6C616E672F4F626A6563743B787000737200266A6176612E7574696C2E436F6C6C656374696F6E7324556E6D6F6469666961626C654C697374FC0F2531B5EC8E100200014C00046C6973747400104C6A6176612F7574696C2F4C6973743B7872002C6A6176612E7574696C2E436F6C6C656374696F6E7324556E6D6F6469666961626C65436F6C6C656374696F6E19420080CB5EF71E0200014C00016371007E00047870737200136A6176612E7574696C2E41727261794C6973747881D21D99C7619D03000149000473697A65787000000001770400000001737200426F72672E737072696E676672616D65776F726B2E73656375726974792E636F72652E617574686F726974792E53696D706C654772616E746564417574686F7269747900000000000001FE0200014C0004726F6C657400124C6A6176612F6C616E672F537472696E673B787074000A524F4C455F49543030317871007E000C707372003A6F72672E737072696E676672616D65776F726B2E73656375726974792E6F61757468322E70726F76696465722E4F41757468325265717565737400000000000000010200075A0008617070726F7665644C000B617574686F72697469657371007E00044C000A657874656E73696F6E7374000F4C6A6176612F7574696C2F4D61703B4C000B726564697265637455726971007E000E4C00077265667265736874003B4C6F72672F737072696E676672616D65776F726B2F73656375726974792F6F61757468322F70726F76696465722F546F6B656E526571756573743B4C000B7265736F7572636549647374000F4C6A6176612F7574696C2F5365743B4C000D726573706F6E7365547970657371007E0014787200386F72672E737072696E676672616D65776F726B2E73656375726974792E6F61757468322E70726F76696465722E426173655265717565737436287A3EA37169BD0200034C0008636C69656E74496471007E000E4C001172657175657374506172616D657465727371007E00124C000573636F706571007E001478707400047368676C737200256A6176612E7574696C2E436F6C6C656374696F6E7324556E6D6F6469666961626C654D6170F1A5A8FE74F507420200014C00016D71007E00127870737200116A6176612E7574696C2E486173684D61700507DAC1C31660D103000246000A6C6F6164466163746F724900097468726573686F6C6478703F400000000000067708000000080000000474000D726573706F6E73655F74797065740004636F64657400057374617465740020386134383638336437376533343734666238343433366264366466366265653874000C72656469726563745F75726974002F687474703A2F2F6C6F63616C686F73742F47656F53472E5765622F4163636F756E742F546F54686972644F41757468740009636C69656E745F696471007E001778737200256A6176612E7574696C2E436F6C6C656374696F6E7324556E6D6F6469666961626C65536574801D92D18F9B80550200007871007E0009737200176A6176612E7574696C2E4C696E6B656448617368536574D86CD75A95DD2A1E020000787200116A6176612E7574696C2E48617368536574BA44859596B8B7340300007870770C000000103F40000000000001740003616C6C78017371007E0026770C000000103F40000000000000787371007E001A3F40000000000000770800000010000000007871007E0021707371007E0026770C000000103F40000000000000787371007E0026770C000000103F4000000000000171007E001D787372004F6F72672E737072696E676672616D65776F726B2E73656375726974792E61757468656E7469636174696F6E2E557365726E616D6550617373776F726441757468656E7469636174696F6E546F6B656E00000000000001FE0200024C000B63726564656E7469616C7371007E00054C00097072696E636970616C71007E00057871007E0003017371007E00077371007E000B0000000177040000000171007E000F7871007E0030707073720028636F6D2E63656E7472616C2E636F72652E6D6F64656C2E757365722E4C6F67696E4170705573657265355B12EA8AAD860200014C000B7065726D697373696F6E7371007E001478720023636F6D2E63656E7472616C2E636F72652E6D6F64656C2E757365722E537973557365729A86B35174A47CC20200114C0005656D61696C71007E000E4C0007656E61626C65647400134C6A6176612F6C616E672F426F6F6C65616E3B4C000269647400104C6A6176612F6C616E672F4C6F6E673B4C000D6C6173744C6F67696E54696D657400104C6A6176612F7574696C2F446174653B4C00066D6F62696C6571007E000E4C00066E616D65436E71007E000E4C000B6E657750617373776F726471007E000E4C000B6F6C6450617373776F726471007E000E4C00066F6E4C696E6571007E00334C00066F70656E496471007E000E4C000870617373776F726471007E000E4C000772656D61726B7371007E000E4C0006726F6C65496471007E000E4C0005726F6C657371007E00084C00047479706571007E000E4C000A757365725374617475737400134C6A6176612F6C616E672F496E74656765723B4C0008757365726E616D6571007E000E7872002F636F6D2E63656E7472616C2E636F72652E6D6F64656C2E636F6D6D6F6E2E46756C6C41756469746564456E74697479C0C261DCE32EC08D0200034A000D64656C657465725573657249644C000C64656C6574696F6E54696D6571007E00354C0009697344656C6574656471007E00337872002B636F6D2E63656E7472616C2E636F72652E6D6F64656C2E636F6D6D6F6E2E41756469746564456E746974792DE91B2B4A5FCF5B0200044C000C6372656174696F6E54696D6571007E00354C000D63726561746F7255736572496471007E00344C00146C6173744D6F64696669636174696F6E54696D6571007E00354C00126C6173744D6F64696669657255736572496471007E003478720035636F6D2E62616F6D69646F752E6D796261746973706C75732E657874656E73696F6E2E6163746976657265636F72642E4D6F64656C000000000000000102000078707372000E6A6176612E7574696C2E44617465686A81014B59741903000078707708000001668CFAD22078707070000000000000000070737200116A6176612E6C616E672E426F6F6C65616ECD207280D59CFAEE0200015A000576616C756578700074000E333639373837314071712E636F6D7371007E003D017372000E6A6176612E6C616E672E4C6F6E673B8BE490CC8F23DF0200014A000576616C7565787200106A6176612E6C616E672E4E756D62657286AC951D0B94E08B020000787000000000000000017074000B3133383030313338303030740009E7AEA1E79086E59198707071007E003E74000561646D696E740020633463613432333861306239323338323064636335303961366637353834396274000772656D61726B73707371007E000B0000000177040000000173720023636F6D2E63656E7472616C2E636F72652E6D6F64656C2E757365722E537973526F6C653E691532A832947F0200064C0002696471007E00344C000D697344656661756C74526F6C6571007E00334C0008726F6C65436F646571007E000E4C000F726F6C654465736372697074696F6E71007E000E4C0008726F6C654E616D6571007E000E4C000675736572496471007E00347871007E00377371007E003B770800000166880F0E207871007E0043707000000000000000007071007E003E71007E004371007E003E71007E00107400204954E7AEA1E79086E59198EFBC8CE68BA5E69C89E8B685E7BAA7E69D83E9999074000B4954E7AEA1E79086E59198707870737200116A6176612E6C616E672E496E746567657212E2A0A4F781873802000149000576616C75657871007E00420000000174000561646D696E70, '2019-08-27 13:08:06');

-- ----------------------------
-- Table structure for oauth_refresh_token
-- ----------------------------
DROP TABLE IF EXISTS `oauth_refresh_token`;
CREATE TABLE `oauth_refresh_token`  (
  `token_id` varchar(256) CHARACTER SET utf8 COLLATE utf8_general_ci NULL DEFAULT NULL,
  `token` blob NULL,
  `authentication` blob NULL,
  `create_time` timestamp(0) NULL DEFAULT CURRENT_TIMESTAMP
) ENGINE = InnoDB CHARACTER SET = utf8 COLLATE = utf8_general_ci ROW_FORMAT = Dynamic;

-- ----------------------------
-- Records of oauth_refresh_token
-- ----------------------------
INSERT INTO `oauth_refresh_token` VALUES ('7efbb67b1f8c76b2401acd078407b627', 0xACED00057372004C6F72672E737072696E676672616D65776F726B2E73656375726974792E6F61757468322E636F6D6D6F6E2E44656661756C744578706972696E674F417574683252656672657368546F6B656E2FDF47639DD0C9B70200014C000A65787069726174696F6E7400104C6A6176612F7574696C2F446174653B787200446F72672E737072696E676672616D65776F726B2E73656375726974792E6F61757468322E636F6D6D6F6E2E44656661756C744F417574683252656672657368546F6B656E73E10E0A6354D45E0200014C000576616C75657400124C6A6176612F6C616E672F537472696E673B787074002466313864353533332D376435392D343238322D623364642D3563656437616637373363377372000E6A6176612E7574696C2E44617465686A81014B597419030000787077080000016C761E885578, 0xACED0005737200416F72672E737072696E676672616D65776F726B2E73656375726974792E6F61757468322E70726F76696465722E4F417574683241757468656E7469636174696F6EBD400B02166252130200024C000D73746F7265645265717565737474003C4C6F72672F737072696E676672616D65776F726B2F73656375726974792F6F61757468322F70726F76696465722F4F4175746832526571756573743B4C00127573657241757468656E7469636174696F6E7400324C6F72672F737072696E676672616D65776F726B2F73656375726974792F636F72652F41757468656E7469636174696F6E3B787200476F72672E737072696E676672616D65776F726B2E73656375726974792E61757468656E7469636174696F6E2E416273747261637441757468656E7469636174696F6E546F6B656ED3AA287E6E47640E0200035A000D61757468656E746963617465644C000B617574686F7269746965737400164C6A6176612F7574696C2F436F6C6C656374696F6E3B4C000764657461696C737400124C6A6176612F6C616E672F4F626A6563743B787000737200266A6176612E7574696C2E436F6C6C656374696F6E7324556E6D6F6469666961626C654C697374FC0F2531B5EC8E100200014C00046C6973747400104C6A6176612F7574696C2F4C6973743B7872002C6A6176612E7574696C2E436F6C6C656374696F6E7324556E6D6F6469666961626C65436F6C6C656374696F6E19420080CB5EF71E0200014C00016371007E00047870737200136A6176612E7574696C2E41727261794C6973747881D21D99C7619D03000149000473697A65787000000001770400000001737200426F72672E737072696E676672616D65776F726B2E73656375726974792E636F72652E617574686F726974792E53696D706C654772616E746564417574686F7269747900000000000001FE0200014C0004726F6C657400124C6A6176612F6C616E672F537472696E673B787074000A524F4C455F49543030317871007E000C707372003A6F72672E737072696E676672616D65776F726B2E73656375726974792E6F61757468322E70726F76696465722E4F41757468325265717565737400000000000000010200075A0008617070726F7665644C000B617574686F72697469657371007E00044C000A657874656E73696F6E7374000F4C6A6176612F7574696C2F4D61703B4C000B726564697265637455726971007E000E4C00077265667265736874003B4C6F72672F737072696E676672616D65776F726B2F73656375726974792F6F61757468322F70726F76696465722F546F6B656E526571756573743B4C000B7265736F7572636549647374000F4C6A6176612F7574696C2F5365743B4C000D726573706F6E7365547970657371007E0014787200386F72672E737072696E676672616D65776F726B2E73656375726974792E6F61757468322E70726F76696465722E426173655265717565737436287A3EA37169BD0200034C0008636C69656E74496471007E000E4C001172657175657374506172616D657465727371007E00124C000573636F706571007E001478707400047368676C737200256A6176612E7574696C2E436F6C6C656374696F6E7324556E6D6F6469666961626C654D6170F1A5A8FE74F507420200014C00016D71007E00127870737200116A6176612E7574696C2E486173684D61700507DAC1C31660D103000246000A6C6F6164466163746F724900097468726573686F6C6478703F4000000000000C77080000001000000007740004636F6465740020384573396545646A444C32414552743747786B4F3948686F3746765A7335366974000A6772616E745F74797065740012617574686F72697A6174696F6E5F636F646574000D726573706F6E73655F74797065740004636F64657400057374617465740020313836356539373435346265343436303939303833393134373564366532373274000C72656469726563745F75726974002F687474703A2F2F6C6F63616C686F73742F47656F53472E5765622F4163636F756E742F546F54686972644F4175746874000D636C69656E745F7365637265747400047368676C740009636C69656E745F69647400047368676C78737200256A6176612E7574696C2E436F6C6C656374696F6E7324556E6D6F6469666961626C65536574801D92D18F9B80550200007871007E0009737200176A6176612E7574696C2E4C696E6B656448617368536574D86CD75A95DD2A1E020000787200116A6176612E7574696C2E48617368536574BA44859596B8B7340300007870770C000000103F40000000000001740003616C6C78017371007E002D770C000000103F40000000000000787371007E001A3F40000000000000770800000010000000007874002F687474703A2F2F6C6F63616C686F73742F47656F53472E5765622F4163636F756E742F546F54686972644F41757468707371007E002D770C000000103F40000000000000787371007E002D770C000000103F4000000000000171007E0021787372004F6F72672E737072696E676672616D65776F726B2E73656375726974792E61757468656E7469636174696F6E2E557365726E616D6550617373776F726441757468656E7469636174696F6E546F6B656E00000000000001FE0200024C000B63726564656E7469616C7371007E00054C00097072696E636970616C71007E00057871007E0003017371007E00077371007E000B0000000177040000000171007E000F7871007E0038737200486F72672E737072696E676672616D65776F726B2E73656375726974792E7765622E61757468656E7469636174696F6E2E57656241757468656E7469636174696F6E44657461696C7300000000000001FE0200024C000D72656D6F74654164647265737371007E000E4C000973657373696F6E496471007E000E787074000C31302E3139392E362E32313874002431613861626635392D306165342D346336642D396361342D3230343530633564613766317073720028636F6D2E63656E7472616C2E636F72652E6D6F64656C2E757365722E4C6F67696E4170705573657265355B12EA8AAD860200014C000B7065726D697373696F6E7371007E001478720023636F6D2E63656E7472616C2E636F72652E6D6F64656C2E757365722E537973557365729A86B35174A47CC20200114C0005656D61696C71007E000E4C0007656E61626C65647400134C6A6176612F6C616E672F426F6F6C65616E3B4C000269647400104C6A6176612F6C616E672F4C6F6E673B4C000D6C6173744C6F67696E54696D657400104C6A6176612F7574696C2F446174653B4C00066D6F62696C6571007E000E4C00066E616D65436E71007E000E4C000B6E657750617373776F726471007E000E4C000B6F6C6450617373776F726471007E000E4C00066F6E4C696E6571007E003F4C00066F70656E496471007E000E4C000870617373776F726471007E000E4C000772656D61726B7371007E000E4C0006726F6C65496471007E000E4C0005726F6C657371007E00084C00047479706571007E000E4C000A757365725374617475737400134C6A6176612F6C616E672F496E74656765723B4C0008757365726E616D6571007E000E7872002F636F6D2E63656E7472616C2E636F72652E6D6F64656C2E636F6D6D6F6E2E46756C6C41756469746564456E74697479C0C261DCE32EC08D0200034A000D64656C657465725573657249644C000C64656C6574696F6E54696D6571007E00414C0009697344656C6574656471007E003F7872002B636F6D2E63656E7472616C2E636F72652E6D6F64656C2E636F6D6D6F6E2E41756469746564456E746974792DE91B2B4A5FCF5B0200044C000C6372656174696F6E54696D6571007E00414C000D63726561746F7255736572496471007E00404C00146C6173744D6F64696669636174696F6E54696D6571007E00414C00126C6173744D6F64696669657255736572496471007E004078720035636F6D2E62616F6D69646F752E6D796261746973706C75732E657874656E73696F6E2E6163746976657265636F72642E4D6F64656C000000000000000102000078707372000E6A6176612E7574696C2E44617465686A81014B59741903000078707708000001668CFAD22078707070000000000000000070737200116A6176612E6C616E672E426F6F6C65616ECD207280D59CFAEE0200015A000576616C756578700074000E333639373837314071712E636F6D7371007E0049017372000E6A6176612E6C616E672E4C6F6E673B8BE490CC8F23DF0200014A000576616C7565787200106A6176612E6C616E672E4E756D62657286AC951D0B94E08B020000787000000000000000017074000B3133383030313338303030740009E7AEA1E79086E59198707071007E004A74000561646D696E740020633463613432333861306239323338323064636335303961366637353834396274000772656D61726B73707371007E000B0000000177040000000173720023636F6D2E63656E7472616C2E636F72652E6D6F64656C2E757365722E537973526F6C653E691532A832947F0200064C0002696471007E00404C000D697344656661756C74526F6C6571007E003F4C0008726F6C65436F646571007E000E4C000F726F6C654465736372697074696F6E71007E000E4C0008726F6C654E616D6571007E000E4C000675736572496471007E00407871007E00437371007E0047770800000166880F0E207871007E004F707000000000000000007071007E004A71007E004F71007E004A71007E00107400204954E7AEA1E79086E59198EFBC8CE68BA5E69C89E8B685E7BAA7E69D83E9999074000B4954E7AEA1E79086E59198707870737200116A6176612E6C616E672E496E746567657212E2A0A4F781873802000149000576616C75657871007E004E0000000174000561646D696E70, '2019-08-08 15:25:53');
INSERT INTO `oauth_refresh_token` VALUES ('7cf1306db952a934e5abb03784763bf9', 0xACED00057372004C6F72672E737072696E676672616D65776F726B2E73656375726974792E6F61757468322E636F6D6D6F6E2E44656661756C744578706972696E674F417574683252656672657368546F6B656E2FDF47639DD0C9B70200014C000A65787069726174696F6E7400104C6A6176612F7574696C2F446174653B787200446F72672E737072696E676672616D65776F726B2E73656375726974792E6F61757468322E636F6D6D6F6E2E44656661756C744F417574683252656672657368546F6B656E73E10E0A6354D45E0200014C000576616C75657400124C6A6176612F6C616E672F537472696E673B787074002430343938633337342D313065322D343931652D383939612D3165633734323161316437637372000E6A6176612E7574696C2E44617465686A81014B597419030000787077080000016D4377AFB678, 0xACED0005737200416F72672E737072696E676672616D65776F726B2E73656375726974792E6F61757468322E70726F76696465722E4F417574683241757468656E7469636174696F6EBD400B02166252130200024C000D73746F7265645265717565737474003C4C6F72672F737072696E676672616D65776F726B2F73656375726974792F6F61757468322F70726F76696465722F4F4175746832526571756573743B4C00127573657241757468656E7469636174696F6E7400324C6F72672F737072696E676672616D65776F726B2F73656375726974792F636F72652F41757468656E7469636174696F6E3B787200476F72672E737072696E676672616D65776F726B2E73656375726974792E61757468656E7469636174696F6E2E416273747261637441757468656E7469636174696F6E546F6B656ED3AA287E6E47640E0200035A000D61757468656E746963617465644C000B617574686F7269746965737400164C6A6176612F7574696C2F436F6C6C656374696F6E3B4C000764657461696C737400124C6A6176612F6C616E672F4F626A6563743B787000737200266A6176612E7574696C2E436F6C6C656374696F6E7324556E6D6F6469666961626C654C697374FC0F2531B5EC8E100200014C00046C6973747400104C6A6176612F7574696C2F4C6973743B7872002C6A6176612E7574696C2E436F6C6C656374696F6E7324556E6D6F6469666961626C65436F6C6C656374696F6E19420080CB5EF71E0200014C00016371007E00047870737200136A6176612E7574696C2E41727261794C6973747881D21D99C7619D03000149000473697A65787000000001770400000001737200426F72672E737072696E676672616D65776F726B2E73656375726974792E636F72652E617574686F726974792E53696D706C654772616E746564417574686F7269747900000000000001FE0200014C0004726F6C657400124C6A6176612F6C616E672F537472696E673B787074000A524F4C455F49543030317871007E000C707372003A6F72672E737072696E676672616D65776F726B2E73656375726974792E6F61757468322E70726F76696465722E4F41757468325265717565737400000000000000010200075A0008617070726F7665644C000B617574686F72697469657371007E00044C000A657874656E73696F6E7374000F4C6A6176612F7574696C2F4D61703B4C000B726564697265637455726971007E000E4C00077265667265736874003B4C6F72672F737072696E676672616D65776F726B2F73656375726974792F6F61757468322F70726F76696465722F546F6B656E526571756573743B4C000B7265736F7572636549647374000F4C6A6176612F7574696C2F5365743B4C000D726573706F6E7365547970657371007E0014787200386F72672E737072696E676672616D65776F726B2E73656375726974792E6F61757468322E70726F76696465722E426173655265717565737436287A3EA37169BD0200034C0008636C69656E74496471007E000E4C001172657175657374506172616D657465727371007E00124C000573636F706571007E00147870740006776562417070737200256A6176612E7574696C2E436F6C6C656374696F6E7324556E6D6F6469666961626C654D6170F1A5A8FE74F507420200014C00016D71007E00127870737200116A6176612E7574696C2E486173684D61700507DAC1C31660D103000246000A6C6F6164466163746F724900097468726573686F6C6478703F400000000000017708000000020000000174000A6772616E745F74797065740008637573746F6D657278737200256A6176612E7574696C2E436F6C6C656374696F6E7324556E6D6F6469666961626C65536574801D92D18F9B80550200007871007E0009737200176A6176612E7574696C2E4C696E6B656448617368536574D86CD75A95DD2A1E020000787200116A6176612E7574696C2E48617368536574BA44859596B8B7340300007870770C000000103F4000000000000174000361707078017371007E0021770C000000103F40000000000000787371007E001A3F40000000000000770800000010000000007870707371007E0021770C000000103F40000000000000787371007E0021770C000000103F40000000000000787372004F6F72672E737072696E676672616D65776F726B2E73656375726974792E61757468656E7469636174696F6E2E557365726E616D6550617373776F726441757468656E7469636174696F6E546F6B656E00000000000001FE0200024C000B63726564656E7469616C7371007E00054C00097072696E636970616C71007E00057871007E0003017371007E00077371007E000B0000000177040000000171007E000F7871007E002B707073720028636F6D2E63656E7472616C2E636F72652E6D6F64656C2E757365722E4C6F67696E4170705573657265355B12EA8AAD860200014C000B7065726D697373696F6E7371007E001478720023636F6D2E63656E7472616C2E636F72652E6D6F64656C2E757365722E537973557365729A86B35174A47CC20200114C0005656D61696C71007E000E4C0007656E61626C65647400134C6A6176612F6C616E672F426F6F6C65616E3B4C000269647400104C6A6176612F6C616E672F4C6F6E673B4C000D6C6173744C6F67696E54696D657400104C6A6176612F7574696C2F446174653B4C00066D6F62696C6571007E000E4C00066E616D65436E71007E000E4C000B6E657750617373776F726471007E000E4C000B6F6C6450617373776F726471007E000E4C00066F6E4C696E6571007E002E4C00066F70656E496471007E000E4C000870617373776F726471007E000E4C000772656D61726B7371007E000E4C0006726F6C65496471007E000E4C0005726F6C657371007E00084C00047479706571007E000E4C000A757365725374617475737400134C6A6176612F6C616E672F496E74656765723B4C0008757365726E616D6571007E000E7872002F636F6D2E63656E7472616C2E636F72652E6D6F64656C2E636F6D6D6F6E2E46756C6C41756469746564456E74697479C0C261DCE32EC08D0200034A000D64656C657465725573657249644C000C64656C6574696F6E54696D6571007E00304C0009697344656C6574656471007E002E7872002B636F6D2E63656E7472616C2E636F72652E6D6F64656C2E636F6D6D6F6E2E41756469746564456E746974792DE91B2B4A5FCF5B0200044C000C6372656174696F6E54696D6571007E00304C000D63726561746F7255736572496471007E002F4C00146C6173744D6F64696669636174696F6E54696D6571007E00304C00126C6173744D6F64696669657255736572496471007E002F78720035636F6D2E62616F6D69646F752E6D796261746973706C75732E657874656E73696F6E2E6163746976657265636F72642E4D6F64656C000000000000000102000078707372000E6A6176612E7574696C2E44617465686A81014B59741903000078707708000001668CFAD22078707070000000000000000070737200116A6176612E6C616E672E426F6F6C65616ECD207280D59CFAEE0200015A000576616C756578700074000E333639373837314071712E636F6D7371007E0038017372000E6A6176612E6C616E672E4C6F6E673B8BE490CC8F23DF0200014A000576616C7565787200106A6176612E6C616E672E4E756D62657286AC951D0B94E08B020000787000000000000000017074000B3133383030313338303030740009E7AEA1E79086E59198707071007E003974000561646D696E740020633463613432333861306239323338323064636335303961366637353834396274000772656D61726B73707371007E000B0000000177040000000173720023636F6D2E63656E7472616C2E636F72652E6D6F64656C2E757365722E537973526F6C653E691532A832947F0200064C0002696471007E002F4C000D697344656661756C74526F6C6571007E002E4C0008726F6C65436F646571007E000E4C000F726F6C654465736372697074696F6E71007E000E4C0008726F6C654E616D6571007E000E4C000675736572496471007E002F7871007E00327371007E0036770800000166880F0E207871007E003E707000000000000000007071007E003971007E003E71007E003971007E00107400204954E7AEA1E79086E59198EFBC8CE68BA5E69C89E8B685E7BAA7E69D83E9999074000B4954E7AEA1E79086E59198707870737200116A6176612E6C616E672E496E746567657212E2A0A4F781873802000149000576616C75657871007E003D0000000174000561646D696E70, '2019-08-20 00:24:23');
INSERT INTO `oauth_refresh_token` VALUES ('22aba72f488af7a35a650996ddc67834', 0xACED00057372004C6F72672E737072696E676672616D65776F726B2E73656375726974792E6F61757468322E636F6D6D6F6E2E44656661756C744578706972696E674F417574683252656672657368546F6B656E2FDF47639DD0C9B70200014C000A65787069726174696F6E7400104C6A6176612F7574696C2F446174653B787200446F72672E737072696E676672616D65776F726B2E73656375726974792E6F61757468322E636F6D6D6F6E2E44656661756C744F417574683252656672657368546F6B656E73E10E0A6354D45E0200014C000576616C75657400124C6A6176612F6C616E672F537472696E673B787074002436396435333232362D383064332D343937662D626337362D3230366336336363313164367372000E6A6176612E7574696C2E44617465686A81014B597419030000787077080000016D437BCA9278, 0xACED0005737200416F72672E737072696E676672616D65776F726B2E73656375726974792E6F61757468322E70726F76696465722E4F417574683241757468656E7469636174696F6EBD400B02166252130200024C000D73746F7265645265717565737474003C4C6F72672F737072696E676672616D65776F726B2F73656375726974792F6F61757468322F70726F76696465722F4F4175746832526571756573743B4C00127573657241757468656E7469636174696F6E7400324C6F72672F737072696E676672616D65776F726B2F73656375726974792F636F72652F41757468656E7469636174696F6E3B787200476F72672E737072696E676672616D65776F726B2E73656375726974792E61757468656E7469636174696F6E2E416273747261637441757468656E7469636174696F6E546F6B656ED3AA287E6E47640E0200035A000D61757468656E746963617465644C000B617574686F7269746965737400164C6A6176612F7574696C2F436F6C6C656374696F6E3B4C000764657461696C737400124C6A6176612F6C616E672F4F626A6563743B787000737200266A6176612E7574696C2E436F6C6C656374696F6E7324556E6D6F6469666961626C654C697374FC0F2531B5EC8E100200014C00046C6973747400104C6A6176612F7574696C2F4C6973743B7872002C6A6176612E7574696C2E436F6C6C656374696F6E7324556E6D6F6469666961626C65436F6C6C656374696F6E19420080CB5EF71E0200014C00016371007E00047870737200136A6176612E7574696C2E41727261794C6973747881D21D99C7619D03000149000473697A65787000000001770400000001737200426F72672E737072696E676672616D65776F726B2E73656375726974792E636F72652E617574686F726974792E53696D706C654772616E746564417574686F7269747900000000000001FE0200014C0004726F6C657400124C6A6176612F6C616E672F537472696E673B787074000A524F4C455F49543030317871007E000C707372003A6F72672E737072696E676672616D65776F726B2E73656375726974792E6F61757468322E70726F76696465722E4F41757468325265717565737400000000000000010200075A0008617070726F7665644C000B617574686F72697469657371007E00044C000A657874656E73696F6E7374000F4C6A6176612F7574696C2F4D61703B4C000B726564697265637455726971007E000E4C00077265667265736874003B4C6F72672F737072696E676672616D65776F726B2F73656375726974792F6F61757468322F70726F76696465722F546F6B656E526571756573743B4C000B7265736F7572636549647374000F4C6A6176612F7574696C2F5365743B4C000D726573706F6E7365547970657371007E0014787200386F72672E737072696E676672616D65776F726B2E73656375726974792E6F61757468322E70726F76696465722E426173655265717565737436287A3EA37169BD0200034C0008636C69656E74496471007E000E4C001172657175657374506172616D657465727371007E00124C000573636F706571007E00147870740006776562417070737200256A6176612E7574696C2E436F6C6C656374696F6E7324556E6D6F6469666961626C654D6170F1A5A8FE74F507420200014C00016D71007E00127870737200116A6176612E7574696C2E486173684D61700507DAC1C31660D103000246000A6C6F6164466163746F724900097468726573686F6C6478703F400000000000017708000000020000000174000A6772616E745F74797065740008637573746F6D657278737200256A6176612E7574696C2E436F6C6C656374696F6E7324556E6D6F6469666961626C65536574801D92D18F9B80550200007871007E0009737200176A6176612E7574696C2E4C696E6B656448617368536574D86CD75A95DD2A1E020000787200116A6176612E7574696C2E48617368536574BA44859596B8B7340300007870770C000000103F4000000000000174000361707078017371007E0021770C000000103F40000000000000787371007E001A3F40000000000000770800000010000000007870707371007E0021770C000000103F40000000000000787371007E0021770C000000103F40000000000000787372004F6F72672E737072696E676672616D65776F726B2E73656375726974792E61757468656E7469636174696F6E2E557365726E616D6550617373776F726441757468656E7469636174696F6E546F6B656E00000000000001FE0200024C000B63726564656E7469616C7371007E00054C00097072696E636970616C71007E00057871007E0003017371007E00077371007E000B0000000177040000000171007E000F7871007E002B707073720028636F6D2E63656E7472616C2E636F72652E6D6F64656C2E757365722E4C6F67696E4170705573657265355B12EA8AAD860200014C000B7065726D697373696F6E7371007E001478720023636F6D2E63656E7472616C2E636F72652E6D6F64656C2E757365722E537973557365729A86B35174A47CC20200114C0005656D61696C71007E000E4C0007656E61626C65647400134C6A6176612F6C616E672F426F6F6C65616E3B4C000269647400104C6A6176612F6C616E672F4C6F6E673B4C000D6C6173744C6F67696E54696D657400104C6A6176612F7574696C2F446174653B4C00066D6F62696C6571007E000E4C00066E616D65436E71007E000E4C000B6E657750617373776F726471007E000E4C000B6F6C6450617373776F726471007E000E4C00066F6E4C696E6571007E002E4C00066F70656E496471007E000E4C000870617373776F726471007E000E4C000772656D61726B7371007E000E4C0006726F6C65496471007E000E4C0005726F6C657371007E00084C00047479706571007E000E4C000A757365725374617475737400134C6A6176612F6C616E672F496E74656765723B4C0008757365726E616D6571007E000E7872002F636F6D2E63656E7472616C2E636F72652E6D6F64656C2E636F6D6D6F6E2E46756C6C41756469746564456E74697479C0C261DCE32EC08D0200034A000D64656C657465725573657249644C000C64656C6574696F6E54696D6571007E00304C0009697344656C6574656471007E002E7872002B636F6D2E63656E7472616C2E636F72652E6D6F64656C2E636F6D6D6F6E2E41756469746564456E746974792DE91B2B4A5FCF5B0200044C000C6372656174696F6E54696D6571007E00304C000D63726561746F7255736572496471007E002F4C00146C6173744D6F64696669636174696F6E54696D6571007E00304C00126C6173744D6F64696669657255736572496471007E002F78720035636F6D2E62616F6D69646F752E6D796261746973706C75732E657874656E73696F6E2E6163746976657265636F72642E4D6F64656C000000000000000102000078707372000E6A6176612E7574696C2E44617465686A81014B59741903000078707708000001668CFAD22078707070000000000000000070737200116A6176612E6C616E672E426F6F6C65616ECD207280D59CFAEE0200015A000576616C756578700074000E333639373837314071712E636F6D7371007E0038017372000E6A6176612E6C616E672E4C6F6E673B8BE490CC8F23DF0200014A000576616C7565787200106A6176612E6C616E672E4E756D62657286AC951D0B94E08B020000787000000000000000017074000B3133383030313338303030740009E7AEA1E79086E59198707071007E003974000561646D696E740020633463613432333861306239323338323064636335303961366637353834396274000772656D61726B73707371007E000B0000000177040000000173720023636F6D2E63656E7472616C2E636F72652E6D6F64656C2E757365722E537973526F6C653E691532A832947F0200064C0002696471007E002F4C000D697344656661756C74526F6C6571007E002E4C0008726F6C65436F646571007E000E4C000F726F6C654465736372697074696F6E71007E000E4C0008726F6C654E616D6571007E000E4C000675736572496471007E002F7871007E00327371007E0036770800000166880F0E207871007E003E707000000000000000007071007E003971007E003E71007E003971007E00107400204954E7AEA1E79086E59198EFBC8CE68BA5E69C89E8B685E7BAA7E69D83E9999074000B4954E7AEA1E79086E59198707870737200116A6176612E6C616E672E496E746567657212E2A0A4F781873802000149000576616C75657871007E003D0000000174000561646D696E70, '2019-08-27 13:02:13');

-- ----------------------------
-- Table structure for reliable_message
-- ----------------------------
DROP TABLE IF EXISTS `reliable_message`;
CREATE TABLE `reliable_message`  (
  `Id` bigint(20) NOT NULL AUTO_INCREMENT,
  `CreationTime` datetime(6) NULL DEFAULT NULL,
  `CreatorUserId` bigint(20) NULL DEFAULT NULL,
  `LastModificationTime` datetime(6) NULL DEFAULT NULL,
  `LastModifierUserId` bigint(20) NULL DEFAULT NULL,
  `message_id` varchar(255) CHARACTER SET utf8 COLLATE utf8_general_ci NOT NULL,
  `message_body` varchar(500) CHARACTER SET utf8 COLLATE utf8_general_ci NOT NULL,
  `message_data_type` varchar(50) CHARACTER SET utf8 COLLATE utf8_general_ci NULL DEFAULT NULL,
  `consumer_queue` varchar(50) CHARACTER SET utf8 COLLATE utf8_general_ci NULL DEFAULT NULL,
  `message_send_times` int(11) NOT NULL DEFAULT 0,
  `already_dead` varchar(1) CHARACTER SET utf8 COLLATE utf8_general_ci NOT NULL,
  `status` varchar(20) CHARACTER SET utf8 COLLATE utf8_general_ci NOT NULL,
  `remark` varchar(255) CHARACTER SET utf8 COLLATE utf8_general_ci NULL DEFAULT NULL,
  `version` bigint(20) NULL DEFAULT NULL,
  `biz_unique_id` bigint(20) NULL DEFAULT NULL,
  PRIMARY KEY (`Id`) USING BTREE
) ENGINE = InnoDB AUTO_INCREMENT = 5 CHARACTER SET = utf8 COLLATE = utf8_general_ci COMMENT = '消息表' ROW_FORMAT = Dynamic;

-- ----------------------------
-- Records of reliable_message
-- ----------------------------
INSERT INTO `reliable_message` VALUES (1, '2018-11-16 09:12:43.000000', NULL, '2018-11-16 09:12:44.066000', NULL, '1063238400518815746', '{\"count\":4,\"creationTime\":1542330302111,\"creatorUserId\":1063236465921241090,\"goodsName\":\"商品4888\",\"id\":1,\"status\":1,\"sum\":22,\"userId\":1063236465921241089}', NULL, 'MAKE_ORDER', 0, 'N', 'WAIT_VERIFY', NULL, 0, 1);
INSERT INTO `reliable_message` VALUES (2, '2018-11-16 09:24:12.000000', NULL, '2018-11-16 09:24:20.523000', NULL, '1063241290683711489', '{\"count\":0,\"creationTime\":1542331422617,\"creatorUserId\":1063241165664092162,\"goodsName\":\"商品5069\",\"id\":2,\"status\":1,\"sum\":33,\"userId\":1063241165664092161}', NULL, 'MAKE_ORDER', 0, 'N', 'WAIT_VERIFY', NULL, 0, 2);
INSERT INTO `reliable_message` VALUES (3, '2018-11-16 09:43:43.000000', NULL, '2018-11-16 09:44:00.143000', NULL, '1063246203572674561', '{\"count\":2,\"creationTime\":1542332611118,\"creatorUserId\":1063246150598615043,\"goodsName\":\"商品0855\",\"id\":3,\"status\":1,\"sum\":50,\"userId\":1063246150598615042}', NULL, 'MAKE_ORDER', 0, 'N', 'SENDING', NULL, 0, 3);
INSERT INTO `reliable_message` VALUES (4, '2018-11-16 09:53:57.000000', NULL, '2018-11-16 09:53:58.311000', NULL, '1063248779122741249', '{\"count\":9,\"creationTime\":1542333233860,\"creatorUserId\":1063248762572017666,\"goodsName\":\"商品8701\",\"id\":4,\"status\":1,\"sum\":37,\"userId\":1063248762572017665}', NULL, 'MAKE_ORDER', 0, 'N', 'SENDING', NULL, 0, 4);

-- ----------------------------
-- Table structure for sys_client_service
-- ----------------------------
DROP TABLE IF EXISTS `sys_client_service`;
CREATE TABLE `sys_client_service`  (
  `clientId` int(11) NOT NULL COMMENT '应用标识',
  `serviceId` int(11) NOT NULL COMMENT '服务权限标识',
  PRIMARY KEY (`clientId`, `serviceId`) USING BTREE
) ENGINE = InnoDB CHARACTER SET = utf8mb4 COLLATE = utf8mb4_general_ci ROW_FORMAT = Dynamic;

-- ----------------------------
-- Table structure for sys_menu
-- ----------------------------
DROP TABLE IF EXISTS `sys_menu`;
CREATE TABLE `sys_menu`  (
  `id` int(11) NOT NULL AUTO_INCREMENT,
  `parentId` int(11) NOT NULL,
  `name` varchar(64) CHARACTER SET utf8 COLLATE utf8_general_ci NOT NULL,
  `url` varchar(1024) CHARACTER SET utf8 COLLATE utf8_general_ci NULL DEFAULT NULL,
  `path` varchar(1024) CHARACTER SET utf8 COLLATE utf8_general_ci NULL DEFAULT NULL,
  `css` varchar(32) CHARACTER SET utf8 COLLATE utf8_general_ci NULL DEFAULT NULL,
  `sort` int(11) NULL DEFAULT NULL,
  `isMenu` int(11) NOT NULL COMMENT '是否菜单 1 是 2 不是',
  `isDeleted` bit(1) NULL DEFAULT b'0',
  `deleterUserId` int(11) NULL DEFAULT NULL,
  `deletionTime` datetime(0) NULL DEFAULT NULL,
  `lastModifierUserId` int(11) NULL DEFAULT NULL,
  `lastModificationTime` datetime(0) NULL DEFAULT NULL,
  `creatorUserId` int(11) NOT NULL,
  `creationTime` datetime(0) NULL,
  `hidden` bit(1) NULL DEFAULT NULL,
  `type` int(255) NOT NULL,
  `clientId` int(11) NOT NULL,
  PRIMARY KEY (`id`) USING BTREE
) ENGINE = InnoDB AUTO_INCREMENT = 29 CHARACTER SET = utf8 COLLATE = utf8_general_ci ROW_FORMAT = Dynamic;

-- ----------------------------
-- Records of sys_menu
-- ----------------------------
INSERT INTO `sys_menu` VALUES (1, -1, '认证中心', 'javascript:;', NULL, 'layui-icon-set', 0, 1, b'0', NULL, NULL, NULL, NULL, 1, '2018-10-31 17:41:20', b'0', 1, 4);
INSERT INTO `sys_menu` VALUES (2, 1, '用户管理', '#!user', 'system/user.html', 'layui-icon-friends', 0, 1, b'0', NULL, NULL, NULL, NULL, 1, '2018-10-31 17:53:37', b'0', 1, 4);
INSERT INTO `sys_menu` VALUES (3, 1, '角色管理', '#!role', 'system/role.html', 'layui-icon-group', 1, 1, b'0', NULL, NULL, NULL, NULL, 1, '2018-10-31 17:53:37', b'0', 1, 4);
INSERT INTO `sys_menu` VALUES (4, 1, '菜单管理', '#!menus', 'system/menus.html', 'layui-icon-menu-fill', 2, 1, b'0', NULL, NULL, NULL, NULL, 1, '2018-10-31 17:53:37', b'0', 1, 4);
INSERT INTO `sys_menu` VALUES (5, 1, '权限管理', '#!permissions', 'system/permissions.html', 'layui-icon-password', 3, 1, b'0', NULL, NULL, NULL, NULL, 1, '2018-10-31 17:53:37', b'0', 1, 4);
INSERT INTO `sys_menu` VALUES (7, 1, '应用管理', '#!app', 'attestation/app.html', 'layui-icon-link', 4, 1, b'0', NULL, NULL, NULL, NULL, 1, '2018-10-31 17:53:37', b'0', 1, 4);
INSERT INTO `sys_menu` VALUES (8, 1, 'token管理', '#!token', 'attestation/token.html', 'layui-icon-util', 5, 1, b'0', NULL, NULL, NULL, NULL, 1, '2018-10-31 17:53:37', b'0', 1, 4);
INSERT INTO `sys_menu` VALUES (9, -1, '系统管理', 'javascript:;', NULL, 'layui-icon-set', 1, 1, b'0', NULL, NULL, NULL, NULL, 1, '2018-10-31 17:41:20', b'0', 1, 4);
INSERT INTO `sys_menu` VALUES (10, 9, '代码生成器', '#!generator', 'generator/list.html', 'layui-icon-template', 0, 1, b'0', NULL, NULL, NULL, NULL, 1, '2018-10-31 17:41:20', b'0', 1, 4);
INSERT INTO `sys_menu` VALUES (11, 9, '文件中心', '#!files', 'files/files.html', 'layui-icon-file', 1, 1, b'0', NULL, NULL, NULL, NULL, 1, '2018-10-31 17:41:20', b'0', 1, 4);
INSERT INTO `sys_menu` VALUES (12, 9, '文档中心', '#!swagger', 'http://127.0.0.1:9900/swagger-ui.html', 'layui-icon-app', 2, 1, b'0', NULL, NULL, NULL, NULL, 1, '2018-10-31 17:41:20', b'0', 1, 4);
INSERT INTO `sys_menu` VALUES (13, -1, '系统监控', 'javascript:;', NULL, 'layui-icon-set', 2, 1, b'0', NULL, NULL, NULL, NULL, 1, '2018-10-31 17:41:20', b'0', 1, 4);
INSERT INTO `sys_menu` VALUES (14, 13, '应用监控', '#!admin', 'http://127.0.0.1:6500/#/wallboard', 'layui-icon-chart-screen', 0, 1, b'0', NULL, NULL, NULL, NULL, 1, '2018-10-31 17:41:20', b'0', 1, 4);
INSERT INTO `sys_menu` VALUES (15, 13, '系统日志', '#!sysLog', 'log/sysLog.html', 'layui-icon-file-b', 1, 1, b'0', NULL, NULL, NULL, NULL, 1, '2018-10-31 17:41:20', b'0', 1, 4);
INSERT INTO `sys_menu` VALUES (16, 13, '慢查询SQL', '#!slowQueryLog', 'log/slowQueryLog.html', 'layui-icon-snowflake', 2, 1, b'0', NULL, NULL, NULL, NULL, 1, '2018-10-31 17:41:20', b'0', 1, 4);
INSERT INTO `sys_menu` VALUES (17, 13, '应用吞吐量监控', '#!sentinel', 'http://127.0.0.1:6999', 'layui-icon-chart', 3, 1, b'0', NULL, NULL, NULL, NULL, 1, '2018-10-31 17:41:20', b'0', 1, 4);
INSERT INTO `sys_menu` VALUES (18, 13, 'APM监控', '#!apm', 'http://127.0.0.1:8080', 'layui-icon-engine', 4, 1, b'0', NULL, NULL, NULL, NULL, 1, '2018-10-31 17:41:20', b'0', 1, 4);
INSERT INTO `sys_menu` VALUES (19, -1, '微服务管理中心', 'javascript:;', NULL, 'layui-icon-set', 3, 1, b'0', NULL, NULL, NULL, NULL, 1, '2018-10-31 18:12:42', b'0', 1, 4);
INSERT INTO `sys_menu` VALUES (20, 19, '配置中心', '#!nacos', 'http://172.16.4.130:8848/nacos', 'layui-icon-tabs', 0, 1, b'0', NULL, NULL, NULL, NULL, 1, '2018-10-31 17:41:20', b'0', 1, 4);
INSERT INTO `sys_menu` VALUES (21, 19, 'zipkin监控', '#!zipkin', 'files/files.html', 'layui-icon-file', 1, 1, b'0', NULL, NULL, NULL, NULL, 1, '2018-10-31 18:12:42', b'0', 1, 4);
INSERT INTO `sys_menu` VALUES (22, -1, '定时任务中心', 'javascript:;', NULL, 'layui-icon-set', 4, 1, b'0', NULL, NULL, NULL, NULL, 1, '2018-10-31 18:12:52', b'0', 1, 4);
INSERT INTO `sys_menu` VALUES (23, 22, '任务管理', '#!jobinfo', 'http://59.110.164.254:8088/jobinfo', 'layui-icon-senior', 0, 1, b'0', NULL, NULL, NULL, NULL, 1, '2018-10-31 18:12:52', b'0', 1, 4);
INSERT INTO `sys_menu` VALUES (24, 22, '执行器管理', '#!jobgroup', 'http://59.110.164.254:8088/jobgroup', 'layui-icon-senior', 1, 1, b'0', NULL, NULL, NULL, NULL, 1, '2018-10-31 18:12:52', b'0', 1, 4);
INSERT INTO `sys_menu` VALUES (25, 22, '调度日志', '#!joblog', 'path=http://59.110.164.254:8088/joblog', 'layui-icon-senior', 2, 1, b'0', NULL, NULL, NULL, NULL, 1, '2018-10-31 18:12:52', b'0', 1, 4);
INSERT INTO `sys_menu` VALUES (26, -1, '搜索管理', 'javascript:;', NULL, 'layui-icon-set', 5, 1, b'0', NULL, NULL, NULL, NULL, 1, '2018-10-31 18:12:52', b'0', 1, 4);
INSERT INTO `sys_menu` VALUES (27, 26, '索引管理', '#!index', 'search/index_manager.html', 'layui-icon-template', 0, 1, b'0', NULL, NULL, NULL, NULL, 1, '2018-10-31 18:12:52', b'0', 1, 4);
INSERT INTO `sys_menu` VALUES (28, 26, '用户搜索', '#!userSearch', 'search/user_search.html', 'layui-icon-user', 1, 1, b'0', NULL, NULL, NULL, NULL, 1, '2018-10-31 18:12:52', b'0', 1, 4);

-- ----------------------------
-- Table structure for sys_permission
-- ----------------------------
DROP TABLE IF EXISTS `sys_permission`;
CREATE TABLE `sys_permission`  (
  `Id` bigint(20) NOT NULL AUTO_INCREMENT,
  `SystemCode` varchar(50) CHARACTER SET utf8 COLLATE utf8_general_ci NULL DEFAULT NULL,
  `ActionName` varchar(50) CHARACTER SET utf8 COLLATE utf8_general_ci NULL DEFAULT NULL,
  `ControllerName` varchar(50) CHARACTER SET utf8 COLLATE utf8_general_ci NULL DEFAULT NULL,
  `Description` varchar(200) CHARACTER SET utf8 COLLATE utf8_general_ci NULL DEFAULT NULL,
  `IsViewPage` bit(1) NULL DEFAULT NULL,
  `CreationTime` datetime(6) NULL DEFAULT NULL,
  `CreatorUserId` bigint(20) NULL DEFAULT NULL,
  `DeleterUserId` bigint(20) NULL DEFAULT NULL,
  `DeletionTime` datetime(6) NULL DEFAULT NULL,
  `IsDeleted` bit(1) NULL DEFAULT NULL,
  `LastModificationTime` datetime(6) NULL DEFAULT NULL,
  `LastModifierUserId` bigint(20) NULL DEFAULT NULL,
  PRIMARY KEY (`Id`) USING BTREE
) ENGINE = InnoDB AUTO_INCREMENT = 1 CHARACTER SET = utf8 COLLATE = utf8_general_ci ROW_FORMAT = Dynamic;

-- ----------------------------
-- Table structure for sys_role
-- ----------------------------
DROP TABLE IF EXISTS `sys_role`;
CREATE TABLE `sys_role`  (
  `Id` char(36) CHARACTER SET utf8 COLLATE utf8_general_ci NOT NULL,
  `CreationTime` datetime(6) NULL DEFAULT NULL,
  `CreatorUserId` bigint(20) NULL DEFAULT NULL,
  `DeleterUserId` bigint(20) NULL DEFAULT NULL,
  `DeletionTime` datetime(6) NULL DEFAULT NULL,
  `IsDeleted` bit(1) NOT NULL DEFAULT b'0',
  `LastModificationTime` datetime(6) NULL DEFAULT NULL,
  `LastModifierUserId` bigint(20) NULL DEFAULT NULL,
  `RoleDescription` varchar(500) CHARACTER SET utf8 COLLATE utf8_general_ci NULL DEFAULT NULL,
  `RoleName` varchar(50) CHARACTER SET utf8 COLLATE utf8_general_ci NULL DEFAULT NULL,
  `RoleCode` varchar(50) CHARACTER SET utf8 COLLATE utf8_general_ci NULL DEFAULT NULL,
  `IsDefaultRole` bit(1) NOT NULL DEFAULT b'0',
  PRIMARY KEY (`Id`) USING BTREE
) ENGINE = InnoDB CHARACTER SET = utf8 COLLATE = utf8_general_ci ROW_FORMAT = Dynamic;

-- ----------------------------
-- Records of sys_role
-- ----------------------------
INSERT INTO `sys_role` VALUES ('1', '2018-10-18 16:43:25.000000', 1, NULL, NULL, b'0', NULL, NULL, 'IT管理员，拥有超级权限', 'IT管理员', 'ROLE_IT001', b'0');

-- ----------------------------
-- Table structure for sys_role_menu
-- ----------------------------
DROP TABLE IF EXISTS `sys_role_menu`;
CREATE TABLE `sys_role_menu`  (
  `roleId` int(11) NULL DEFAULT NULL,
  `menuId` int(11) NULL DEFAULT NULL
) ENGINE = InnoDB CHARACTER SET = utf8 COLLATE = utf8_general_ci ROW_FORMAT = Dynamic;

-- ----------------------------
-- Records of sys_role_menu
-- ----------------------------
INSERT INTO `sys_role_menu` VALUES (1, 1);
INSERT INTO `sys_role_menu` VALUES (1, 2);
INSERT INTO `sys_role_menu` VALUES (1, 3);
INSERT INTO `sys_role_menu` VALUES (1, 4);
INSERT INTO `sys_role_menu` VALUES (1, 5);
INSERT INTO `sys_role_menu` VALUES (1, 6);
INSERT INTO `sys_role_menu` VALUES (1, 7);
INSERT INTO `sys_role_menu` VALUES (1, 8);
INSERT INTO `sys_role_menu` VALUES (1, 9);
INSERT INTO `sys_role_menu` VALUES (1, 10);
INSERT INTO `sys_role_menu` VALUES (1, 11);
INSERT INTO `sys_role_menu` VALUES (1, 12);
INSERT INTO `sys_role_menu` VALUES (1, 13);
INSERT INTO `sys_role_menu` VALUES (1, 14);
INSERT INTO `sys_role_menu` VALUES (1, 15);
INSERT INTO `sys_role_menu` VALUES (1, 16);
INSERT INTO `sys_role_menu` VALUES (1, 17);
INSERT INTO `sys_role_menu` VALUES (1, 18);
INSERT INTO `sys_role_menu` VALUES (1, 19);
INSERT INTO `sys_role_menu` VALUES (1, 20);
INSERT INTO `sys_role_menu` VALUES (1, 21);
INSERT INTO `sys_role_menu` VALUES (1, 22);
INSERT INTO `sys_role_menu` VALUES (1, 23);
INSERT INTO `sys_role_menu` VALUES (1, 24);
INSERT INTO `sys_role_menu` VALUES (1, 25);
INSERT INTO `sys_role_menu` VALUES (1, 26);
INSERT INTO `sys_role_menu` VALUES (1, 27);
INSERT INTO `sys_role_menu` VALUES (1, 28);

-- ----------------------------
-- Table structure for sys_serialnbr
-- ----------------------------
DROP TABLE IF EXISTS `sys_serialnbr`;
CREATE TABLE `sys_serialnbr`  (
  `Id` bigint(20) NOT NULL AUTO_INCREMENT,
  `CreationTime` datetime(6) NULL DEFAULT NULL,
  `CreatorUserId` bigint(20) NULL DEFAULT NULL,
  `DeleterUserId` bigint(20) NULL DEFAULT NULL,
  `DeletionTime` datetime(6) NULL DEFAULT NULL,
  `IsDeleted` bit(1) NULL DEFAULT NULL,
  `LastModificationTime` datetime(6) NULL DEFAULT NULL,
  `LastModifierUserId` bigint(20) NULL DEFAULT NULL,
  `SerialCode` varchar(50) CHARACTER SET utf8 COLLATE utf8_general_ci NULL DEFAULT NULL,
  `SerialDateFormat` varchar(50) CHARACTER SET utf8 COLLATE utf8_general_ci NULL DEFAULT NULL,
  `SerialEndDate` varchar(50) CHARACTER SET utf8 COLLATE utf8_general_ci NULL DEFAULT NULL,
  `SerialEndFull` varchar(50) CHARACTER SET utf8 COLLATE utf8_general_ci NULL DEFAULT NULL,
  `SerialLength` int(11) NULL DEFAULT NULL,
  `SerialName` varchar(50) CHARACTER SET utf8 COLLATE utf8_general_ci NULL DEFAULT NULL,
  `SerialPrefix` varchar(50) CHARACTER SET utf8 COLLATE utf8_general_ci NULL DEFAULT NULL,
  `SerialStart` int(11) NULL DEFAULT NULL,
  `SerialSuffix` varchar(50) CHARACTER SET utf8 COLLATE utf8_general_ci NULL DEFAULT NULL,
  PRIMARY KEY (`Id`) USING BTREE
) ENGINE = InnoDB AUTO_INCREMENT = 3 CHARACTER SET = utf8 COLLATE = utf8_general_ci ROW_FORMAT = Dynamic;

-- ----------------------------
-- Records of sys_serialnbr
-- ----------------------------
INSERT INTO `sys_serialnbr` VALUES (1, '2018-05-25 11:24:59.136956', NULL, NULL, '2018-06-07 11:24:08.779089', b'0', '2019-07-18 10:33:29.957926', NULL, 'cm001', 'yyyyMMdd', '20190718', '201907180002', 4, '城市管理案件流水号', NULL, 2, NULL);
INSERT INTO `sys_serialnbr` VALUES (2, '2018-05-29 14:09:38.081561', NULL, NULL, '2018-06-07 11:24:08.779089', b'0', '2019-07-18 10:43:04.881336', NULL, 'cm001_regdoc', 'yyyy', '2019', '[城管]2019000874', 6, '城市管理案件流程立案编码', '[城管]', 874, NULL);

-- ----------------------------
-- Table structure for sys_user
-- ----------------------------
DROP TABLE IF EXISTS `sys_user`;
CREATE TABLE `sys_user`  (
  `Id` bigint(20) NOT NULL AUTO_INCREMENT,
  `CreationTime` datetime(6) NULL DEFAULT NULL,
  `CreatorUserId` bigint(20) NULL DEFAULT NULL,
  `DeleterUserId` bigint(20) NULL DEFAULT NULL,
  `DeletionTime` datetime(6) NULL DEFAULT NULL,
  `Email` varchar(50) CHARACTER SET utf8 COLLATE utf8_general_ci NULL DEFAULT NULL,
  `IsDeleted` bit(1) NOT NULL DEFAULT b'0',
  `LastLoginTime` datetime(6) NULL DEFAULT NULL,
  `LastModificationTime` datetime(6) NULL DEFAULT NULL,
  `LastModifierUserId` bigint(20) NULL DEFAULT NULL,
  `Remarks` varchar(200) CHARACTER SET utf8 COLLATE utf8_general_ci NULL DEFAULT NULL,
  `NameCn` varchar(50) CHARACTER SET utf8 COLLATE utf8_general_ci NULL DEFAULT NULL,
  `UserName` varchar(50) CHARACTER SET utf8 COLLATE utf8_general_ci NULL DEFAULT NULL,
  `Password` varchar(100) CHARACTER SET utf8 COLLATE utf8_general_ci NULL DEFAULT NULL,
  `UserStatus` int(11) NULL DEFAULT NULL,
  `OnLine` bit(1) NOT NULL DEFAULT b'0',
  `Enabled` bit(1) NULL DEFAULT NULL,
  `mobile` varchar(20) CHARACTER SET utf8 COLLATE utf8_general_ci NULL DEFAULT NULL,
  `type` varchar(20) CHARACTER SET utf8 COLLATE utf8_general_ci NULL DEFAULT NULL,
  `OpenId` varchar(20) CHARACTER SET utf8 COLLATE utf8_general_ci NULL DEFAULT NULL,
  PRIMARY KEY (`Id`) USING BTREE
) ENGINE = InnoDB AUTO_INCREMENT = 3 CHARACTER SET = utf8 COLLATE = utf8_general_ci ROW_FORMAT = Dynamic;

-- ----------------------------
-- Records of sys_user
-- ----------------------------
INSERT INTO `sys_user` VALUES (1, '2018-10-19 15:39:56.331000', NULL, NULL, NULL, '3697871@qq.com', b'0', NULL, NULL, NULL, 'remarks', '管理员', 'admin', 'c4ca4238a0b923820dcc509a6f75849b', 1, b'0', b'1', '13800138000', NULL, 'admin');
INSERT INTO `sys_user` VALUES (2, '2018-10-19 15:42:31.212000', NULL, 0, NULL, 'hr01@qq.com', b'0', NULL, '2019-07-24 09:56:27.524000', NULL, 'HR人员工工工工工', 'HR人员', 'hr01', 'c4ca4238a0b923820dcc509a6f75849b', 1, b'0', b'1', NULL, NULL, NULL);

-- ----------------------------
-- Table structure for sys_user_role
-- ----------------------------
DROP TABLE IF EXISTS `sys_user_role`;
CREATE TABLE `sys_user_role`  (
  `userId` mediumtext CHARACTER SET utf8 COLLATE utf8_general_ci NOT NULL,
  `roleId` mediumtext CHARACTER SET utf8 COLLATE utf8_general_ci NOT NULL
) ENGINE = InnoDB CHARACTER SET = utf8 COLLATE = utf8_general_ci ROW_FORMAT = Dynamic;

-- ----------------------------
-- Records of sys_user_role
-- ----------------------------
INSERT INTO `sys_user_role` VALUES ('1', '1');
INSERT INTO `sys_user_role` VALUES ('2', '1');

-- ----------------------------
-- Table structure for xxl_job_qrtz_blob_triggers
-- ----------------------------
DROP TABLE IF EXISTS `xxl_job_qrtz_blob_triggers`;
CREATE TABLE `xxl_job_qrtz_blob_triggers`  (
  `SCHED_NAME` varchar(120) CHARACTER SET utf8 COLLATE utf8_general_ci NOT NULL,
  `TRIGGER_NAME` varchar(200) CHARACTER SET utf8 COLLATE utf8_general_ci NOT NULL,
  `TRIGGER_GROUP` varchar(200) CHARACTER SET utf8 COLLATE utf8_general_ci NOT NULL,
  `BLOB_DATA` blob NULL,
  PRIMARY KEY (`SCHED_NAME`, `TRIGGER_NAME`, `TRIGGER_GROUP`) USING BTREE,
  CONSTRAINT `xxl_job_qrtz_blob_triggers_ibfk_1` FOREIGN KEY (`SCHED_NAME`, `TRIGGER_NAME`, `TRIGGER_GROUP`) REFERENCES `xxl_job_qrtz_triggers` (`SCHED_NAME`, `TRIGGER_NAME`, `TRIGGER_GROUP`) ON DELETE RESTRICT ON UPDATE RESTRICT
) ENGINE = InnoDB CHARACTER SET = utf8 COLLATE = utf8_general_ci ROW_FORMAT = Dynamic;

-- ----------------------------
-- Table structure for xxl_job_qrtz_calendars
-- ----------------------------
DROP TABLE IF EXISTS `xxl_job_qrtz_calendars`;
CREATE TABLE `xxl_job_qrtz_calendars`  (
  `SCHED_NAME` varchar(120) CHARACTER SET utf8 COLLATE utf8_general_ci NOT NULL,
  `CALENDAR_NAME` varchar(200) CHARACTER SET utf8 COLLATE utf8_general_ci NOT NULL,
  `CALENDAR` blob NOT NULL,
  PRIMARY KEY (`SCHED_NAME`, `CALENDAR_NAME`) USING BTREE
) ENGINE = InnoDB CHARACTER SET = utf8 COLLATE = utf8_general_ci ROW_FORMAT = Dynamic;

-- ----------------------------
-- Table structure for xxl_job_qrtz_cron_triggers
-- ----------------------------
DROP TABLE IF EXISTS `xxl_job_qrtz_cron_triggers`;
CREATE TABLE `xxl_job_qrtz_cron_triggers`  (
  `SCHED_NAME` varchar(120) CHARACTER SET utf8 COLLATE utf8_general_ci NOT NULL,
  `TRIGGER_NAME` varchar(200) CHARACTER SET utf8 COLLATE utf8_general_ci NOT NULL,
  `TRIGGER_GROUP` varchar(200) CHARACTER SET utf8 COLLATE utf8_general_ci NOT NULL,
  `CRON_EXPRESSION` varchar(200) CHARACTER SET utf8 COLLATE utf8_general_ci NOT NULL,
  `TIME_ZONE_ID` varchar(80) CHARACTER SET utf8 COLLATE utf8_general_ci NULL DEFAULT NULL,
  PRIMARY KEY (`SCHED_NAME`, `TRIGGER_NAME`, `TRIGGER_GROUP`) USING BTREE,
  CONSTRAINT `xxl_job_qrtz_cron_triggers_ibfk_1` FOREIGN KEY (`SCHED_NAME`, `TRIGGER_NAME`, `TRIGGER_GROUP`) REFERENCES `xxl_job_qrtz_triggers` (`SCHED_NAME`, `TRIGGER_NAME`, `TRIGGER_GROUP`) ON DELETE RESTRICT ON UPDATE RESTRICT
) ENGINE = InnoDB CHARACTER SET = utf8 COLLATE = utf8_general_ci ROW_FORMAT = Dynamic;

-- ----------------------------
-- Table structure for xxl_job_qrtz_fired_triggers
-- ----------------------------
DROP TABLE IF EXISTS `xxl_job_qrtz_fired_triggers`;
CREATE TABLE `xxl_job_qrtz_fired_triggers`  (
  `SCHED_NAME` varchar(120) CHARACTER SET utf8 COLLATE utf8_general_ci NOT NULL,
  `ENTRY_ID` varchar(95) CHARACTER SET utf8 COLLATE utf8_general_ci NOT NULL,
  `TRIGGER_NAME` varchar(200) CHARACTER SET utf8 COLLATE utf8_general_ci NOT NULL,
  `TRIGGER_GROUP` varchar(200) CHARACTER SET utf8 COLLATE utf8_general_ci NOT NULL,
  `INSTANCE_NAME` varchar(200) CHARACTER SET utf8 COLLATE utf8_general_ci NOT NULL,
  `FIRED_TIME` bigint(13) NOT NULL,
  `SCHED_TIME` bigint(13) NOT NULL,
  `PRIORITY` int(11) NOT NULL,
  `STATE` varchar(16) CHARACTER SET utf8 COLLATE utf8_general_ci NOT NULL,
  `JOB_NAME` varchar(200) CHARACTER SET utf8 COLLATE utf8_general_ci NULL DEFAULT NULL,
  `JOB_GROUP` varchar(200) CHARACTER SET utf8 COLLATE utf8_general_ci NULL DEFAULT NULL,
  `IS_NONCONCURRENT` varchar(1) CHARACTER SET utf8 COLLATE utf8_general_ci NULL DEFAULT NULL,
  `REQUESTS_RECOVERY` varchar(1) CHARACTER SET utf8 COLLATE utf8_general_ci NULL DEFAULT NULL,
  PRIMARY KEY (`SCHED_NAME`, `ENTRY_ID`) USING BTREE
) ENGINE = InnoDB CHARACTER SET = utf8 COLLATE = utf8_general_ci ROW_FORMAT = Dynamic;

-- ----------------------------
-- Table structure for xxl_job_qrtz_job_details
-- ----------------------------
DROP TABLE IF EXISTS `xxl_job_qrtz_job_details`;
CREATE TABLE `xxl_job_qrtz_job_details`  (
  `SCHED_NAME` varchar(120) CHARACTER SET utf8 COLLATE utf8_general_ci NOT NULL,
  `JOB_NAME` varchar(200) CHARACTER SET utf8 COLLATE utf8_general_ci NOT NULL,
  `JOB_GROUP` varchar(200) CHARACTER SET utf8 COLLATE utf8_general_ci NOT NULL,
  `DESCRIPTION` varchar(250) CHARACTER SET utf8 COLLATE utf8_general_ci NULL DEFAULT NULL,
  `JOB_CLASS_NAME` varchar(250) CHARACTER SET utf8 COLLATE utf8_general_ci NOT NULL,
  `IS_DURABLE` varchar(1) CHARACTER SET utf8 COLLATE utf8_general_ci NOT NULL,
  `IS_NONCONCURRENT` varchar(1) CHARACTER SET utf8 COLLATE utf8_general_ci NOT NULL,
  `IS_UPDATE_DATA` varchar(1) CHARACTER SET utf8 COLLATE utf8_general_ci NOT NULL,
  `REQUESTS_RECOVERY` varchar(1) CHARACTER SET utf8 COLLATE utf8_general_ci NOT NULL,
  `JOB_DATA` blob NULL,
  PRIMARY KEY (`SCHED_NAME`, `JOB_NAME`, `JOB_GROUP`) USING BTREE
) ENGINE = InnoDB CHARACTER SET = utf8 COLLATE = utf8_general_ci ROW_FORMAT = Dynamic;

-- ----------------------------
-- Table structure for xxl_job_qrtz_locks
-- ----------------------------
DROP TABLE IF EXISTS `xxl_job_qrtz_locks`;
CREATE TABLE `xxl_job_qrtz_locks`  (
  `SCHED_NAME` varchar(120) CHARACTER SET utf8 COLLATE utf8_general_ci NOT NULL,
  `LOCK_NAME` varchar(40) CHARACTER SET utf8 COLLATE utf8_general_ci NOT NULL,
  PRIMARY KEY (`SCHED_NAME`, `LOCK_NAME`) USING BTREE
) ENGINE = InnoDB CHARACTER SET = utf8 COLLATE = utf8_general_ci ROW_FORMAT = Dynamic;

-- ----------------------------
-- Table structure for xxl_job_qrtz_paused_trigger_grps
-- ----------------------------
DROP TABLE IF EXISTS `xxl_job_qrtz_paused_trigger_grps`;
CREATE TABLE `xxl_job_qrtz_paused_trigger_grps`  (
  `SCHED_NAME` varchar(120) CHARACTER SET utf8 COLLATE utf8_general_ci NOT NULL,
  `TRIGGER_GROUP` varchar(200) CHARACTER SET utf8 COLLATE utf8_general_ci NOT NULL,
  PRIMARY KEY (`SCHED_NAME`, `TRIGGER_GROUP`) USING BTREE
) ENGINE = InnoDB CHARACTER SET = utf8 COLLATE = utf8_general_ci ROW_FORMAT = Dynamic;

-- ----------------------------
-- Table structure for xxl_job_qrtz_scheduler_state
-- ----------------------------
DROP TABLE IF EXISTS `xxl_job_qrtz_scheduler_state`;
CREATE TABLE `xxl_job_qrtz_scheduler_state`  (
  `SCHED_NAME` varchar(120) CHARACTER SET utf8 COLLATE utf8_general_ci NOT NULL,
  `INSTANCE_NAME` varchar(200) CHARACTER SET utf8 COLLATE utf8_general_ci NOT NULL,
  `LAST_CHECKIN_TIME` bigint(13) NOT NULL,
  `CHECKIN_INTERVAL` bigint(13) NOT NULL,
  PRIMARY KEY (`SCHED_NAME`, `INSTANCE_NAME`) USING BTREE
) ENGINE = InnoDB CHARACTER SET = utf8 COLLATE = utf8_general_ci ROW_FORMAT = Dynamic;

-- ----------------------------
-- Table structure for xxl_job_qrtz_simple_triggers
-- ----------------------------
DROP TABLE IF EXISTS `xxl_job_qrtz_simple_triggers`;
CREATE TABLE `xxl_job_qrtz_simple_triggers`  (
  `SCHED_NAME` varchar(120) CHARACTER SET utf8 COLLATE utf8_general_ci NOT NULL,
  `TRIGGER_NAME` varchar(200) CHARACTER SET utf8 COLLATE utf8_general_ci NOT NULL,
  `TRIGGER_GROUP` varchar(200) CHARACTER SET utf8 COLLATE utf8_general_ci NOT NULL,
  `REPEAT_COUNT` bigint(7) NOT NULL,
  `REPEAT_INTERVAL` bigint(12) NOT NULL,
  `TIMES_TRIGGERED` bigint(10) NOT NULL,
  PRIMARY KEY (`SCHED_NAME`, `TRIGGER_NAME`, `TRIGGER_GROUP`) USING BTREE,
  CONSTRAINT `xxl_job_qrtz_simple_triggers_ibfk_1` FOREIGN KEY (`SCHED_NAME`, `TRIGGER_NAME`, `TRIGGER_GROUP`) REFERENCES `xxl_job_qrtz_triggers` (`SCHED_NAME`, `TRIGGER_NAME`, `TRIGGER_GROUP`) ON DELETE RESTRICT ON UPDATE RESTRICT
) ENGINE = InnoDB CHARACTER SET = utf8 COLLATE = utf8_general_ci ROW_FORMAT = Dynamic;

-- ----------------------------
-- Table structure for xxl_job_qrtz_simprop_triggers
-- ----------------------------
DROP TABLE IF EXISTS `xxl_job_qrtz_simprop_triggers`;
CREATE TABLE `xxl_job_qrtz_simprop_triggers`  (
  `SCHED_NAME` varchar(120) CHARACTER SET utf8 COLLATE utf8_general_ci NOT NULL,
  `TRIGGER_NAME` varchar(200) CHARACTER SET utf8 COLLATE utf8_general_ci NOT NULL,
  `TRIGGER_GROUP` varchar(200) CHARACTER SET utf8 COLLATE utf8_general_ci NOT NULL,
  `STR_PROP_1` varchar(512) CHARACTER SET utf8 COLLATE utf8_general_ci NULL DEFAULT NULL,
  `STR_PROP_2` varchar(512) CHARACTER SET utf8 COLLATE utf8_general_ci NULL DEFAULT NULL,
  `STR_PROP_3` varchar(512) CHARACTER SET utf8 COLLATE utf8_general_ci NULL DEFAULT NULL,
  `INT_PROP_1` int(11) NULL DEFAULT NULL,
  `INT_PROP_2` int(11) NULL DEFAULT NULL,
  `LONG_PROP_1` bigint(20) NULL DEFAULT NULL,
  `LONG_PROP_2` bigint(20) NULL DEFAULT NULL,
  `DEC_PROP_1` decimal(13, 4) NULL DEFAULT NULL,
  `DEC_PROP_2` decimal(13, 4) NULL DEFAULT NULL,
  `BOOL_PROP_1` varchar(1) CHARACTER SET utf8 COLLATE utf8_general_ci NULL DEFAULT NULL,
  `BOOL_PROP_2` varchar(1) CHARACTER SET utf8 COLLATE utf8_general_ci NULL DEFAULT NULL,
  PRIMARY KEY (`SCHED_NAME`, `TRIGGER_NAME`, `TRIGGER_GROUP`) USING BTREE,
  CONSTRAINT `xxl_job_qrtz_simprop_triggers_ibfk_1` FOREIGN KEY (`SCHED_NAME`, `TRIGGER_NAME`, `TRIGGER_GROUP`) REFERENCES `xxl_job_qrtz_triggers` (`SCHED_NAME`, `TRIGGER_NAME`, `TRIGGER_GROUP`) ON DELETE RESTRICT ON UPDATE RESTRICT
) ENGINE = InnoDB CHARACTER SET = utf8 COLLATE = utf8_general_ci ROW_FORMAT = Dynamic;

-- ----------------------------
-- Table structure for xxl_job_qrtz_trigger_group
-- ----------------------------
DROP TABLE IF EXISTS `xxl_job_qrtz_trigger_group`;
CREATE TABLE `xxl_job_qrtz_trigger_group`  (
  `id` int(11) NOT NULL AUTO_INCREMENT,
  `app_name` varchar(64) CHARACTER SET utf8 COLLATE utf8_general_ci NOT NULL COMMENT '执行器AppName',
  `title` varchar(12) CHARACTER SET utf8 COLLATE utf8_general_ci NOT NULL COMMENT '执行器名称',
  `order` tinyint(4) NOT NULL DEFAULT 0 COMMENT '排序',
  `address_type` tinyint(4) NOT NULL DEFAULT 0 COMMENT '执行器地址类型：0=自动注册、1=手动录入',
  `address_list` varchar(512) CHARACTER SET utf8 COLLATE utf8_general_ci NULL DEFAULT NULL COMMENT '执行器地址列表，多地址逗号分隔',
  PRIMARY KEY (`id`) USING BTREE
) ENGINE = InnoDB AUTO_INCREMENT = 2 CHARACTER SET = utf8 COLLATE = utf8_general_ci ROW_FORMAT = Dynamic;

-- ----------------------------
-- Records of xxl_job_qrtz_trigger_group
-- ----------------------------
INSERT INTO `xxl_job_qrtz_trigger_group` VALUES (1, 'xxl-job-executor-sample', '示例执行器', 1, 0, NULL);

-- ----------------------------
-- Table structure for xxl_job_qrtz_trigger_info
-- ----------------------------
DROP TABLE IF EXISTS `xxl_job_qrtz_trigger_info`;
CREATE TABLE `xxl_job_qrtz_trigger_info`  (
  `id` int(11) NOT NULL AUTO_INCREMENT,
  `job_group` int(11) NOT NULL COMMENT '执行器主键ID',
  `job_cron` varchar(128) CHARACTER SET utf8 COLLATE utf8_general_ci NOT NULL COMMENT '任务执行CRON',
  `job_desc` varchar(255) CHARACTER SET utf8 COLLATE utf8_general_ci NOT NULL,
  `add_time` datetime(0) NULL DEFAULT NULL,
  `update_time` datetime(0) NULL DEFAULT NULL,
  `author` varchar(64) CHARACTER SET utf8 COLLATE utf8_general_ci NULL DEFAULT NULL COMMENT '作者',
  `alarm_email` varchar(255) CHARACTER SET utf8 COLLATE utf8_general_ci NULL DEFAULT NULL COMMENT '报警邮件',
  `executor_route_strategy` varchar(50) CHARACTER SET utf8 COLLATE utf8_general_ci NULL DEFAULT NULL COMMENT '执行器路由策略',
  `executor_handler` varchar(255) CHARACTER SET utf8 COLLATE utf8_general_ci NULL DEFAULT NULL COMMENT '执行器任务handler',
  `executor_param` varchar(512) CHARACTER SET utf8 COLLATE utf8_general_ci NULL DEFAULT NULL COMMENT '执行器任务参数',
  `executor_block_strategy` varchar(50) CHARACTER SET utf8 COLLATE utf8_general_ci NULL DEFAULT NULL COMMENT '阻塞处理策略',
  `executor_timeout` int(11) NOT NULL DEFAULT 0 COMMENT '任务执行超时时间，单位秒',
  `executor_fail_retry_count` int(11) NOT NULL DEFAULT 0 COMMENT '失败重试次数',
  `glue_type` varchar(50) CHARACTER SET utf8 COLLATE utf8_general_ci NOT NULL COMMENT 'GLUE类型',
  `glue_source` mediumtext CHARACTER SET utf8 COLLATE utf8_general_ci NULL COMMENT 'GLUE源代码',
  `glue_remark` varchar(128) CHARACTER SET utf8 COLLATE utf8_general_ci NULL DEFAULT NULL COMMENT 'GLUE备注',
  `glue_updatetime` datetime(0) NULL DEFAULT NULL COMMENT 'GLUE更新时间',
  `child_jobid` varchar(255) CHARACTER SET utf8 COLLATE utf8_general_ci NULL DEFAULT NULL COMMENT '子任务ID，多个逗号分隔',
  PRIMARY KEY (`id`) USING BTREE
) ENGINE = InnoDB AUTO_INCREMENT = 2 CHARACTER SET = utf8 COLLATE = utf8_general_ci ROW_FORMAT = Dynamic;

-- ----------------------------
-- Records of xxl_job_qrtz_trigger_info
-- ----------------------------
INSERT INTO `xxl_job_qrtz_trigger_info` VALUES (1, 1, '0 0 0 * * ? *', '测试任务1', '2018-11-03 22:21:31', '2018-11-03 22:21:31', 'XXL', '', 'FIRST', 'demoJobHandler', '', 'SERIAL_EXECUTION', 0, 0, 'BEAN', '', 'GLUE代码初始化', '2018-11-03 22:21:31', '');

-- ----------------------------
-- Table structure for xxl_job_qrtz_trigger_log
-- ----------------------------
DROP TABLE IF EXISTS `xxl_job_qrtz_trigger_log`;
CREATE TABLE `xxl_job_qrtz_trigger_log`  (
  `id` int(11) NOT NULL AUTO_INCREMENT,
  `job_group` int(11) NOT NULL COMMENT '执行器主键ID',
  `job_id` int(11) NOT NULL COMMENT '任务，主键ID',
  `executor_address` varchar(255) CHARACTER SET utf8 COLLATE utf8_general_ci NULL DEFAULT NULL COMMENT '执行器地址，本次执行的地址',
  `executor_handler` varchar(255) CHARACTER SET utf8 COLLATE utf8_general_ci NULL DEFAULT NULL COMMENT '执行器任务handler',
  `executor_param` varchar(512) CHARACTER SET utf8 COLLATE utf8_general_ci NULL DEFAULT NULL COMMENT '执行器任务参数',
  `executor_sharding_param` varchar(20) CHARACTER SET utf8 COLLATE utf8_general_ci NULL DEFAULT NULL COMMENT '执行器任务分片参数，格式如 1/2',
  `executor_fail_retry_count` int(11) NOT NULL DEFAULT 0 COMMENT '失败重试次数',
  `trigger_time` datetime(0) NULL DEFAULT NULL COMMENT '调度-时间',
  `trigger_code` int(11) NOT NULL COMMENT '调度-结果',
  `trigger_msg` text CHARACTER SET utf8 COLLATE utf8_general_ci NULL COMMENT '调度-日志',
  `handle_time` datetime(0) NULL DEFAULT NULL COMMENT '执行-时间',
  `handle_code` int(11) NOT NULL COMMENT '执行-状态',
  `handle_msg` text CHARACTER SET utf8 COLLATE utf8_general_ci NULL COMMENT '执行-日志',
  `alarm_status` tinyint(4) NOT NULL DEFAULT 0 COMMENT '告警状态：0-默认、1-无需告警、2-告警成功、3-告警失败',
  PRIMARY KEY (`id`) USING BTREE,
  INDEX `I_trigger_time`(`trigger_time`) USING BTREE,
  INDEX `I_handle_code`(`handle_code`) USING BTREE
) ENGINE = InnoDB AUTO_INCREMENT = 1 CHARACTER SET = utf8 COLLATE = utf8_general_ci ROW_FORMAT = Dynamic;

-- ----------------------------
-- Table structure for xxl_job_qrtz_trigger_logglue
-- ----------------------------
DROP TABLE IF EXISTS `xxl_job_qrtz_trigger_logglue`;
CREATE TABLE `xxl_job_qrtz_trigger_logglue`  (
  `id` int(11) NOT NULL AUTO_INCREMENT,
  `job_id` int(11) NOT NULL COMMENT '任务，主键ID',
  `glue_type` varchar(50) CHARACTER SET utf8 COLLATE utf8_general_ci NULL DEFAULT NULL COMMENT 'GLUE类型',
  `glue_source` mediumtext CHARACTER SET utf8 COLLATE utf8_general_ci NULL COMMENT 'GLUE源代码',
  `glue_remark` varchar(128) CHARACTER SET utf8 COLLATE utf8_general_ci NOT NULL COMMENT 'GLUE备注',
  `add_time` timestamp(0) NULL DEFAULT NULL,
  `update_time` timestamp(0) NULL DEFAULT NULL ON UPDATE CURRENT_TIMESTAMP(0),
  PRIMARY KEY (`id`) USING BTREE
) ENGINE = InnoDB AUTO_INCREMENT = 1 CHARACTER SET = utf8 COLLATE = utf8_general_ci ROW_FORMAT = Dynamic;

-- ----------------------------
-- Table structure for xxl_job_qrtz_trigger_registry
-- ----------------------------
DROP TABLE IF EXISTS `xxl_job_qrtz_trigger_registry`;
CREATE TABLE `xxl_job_qrtz_trigger_registry`  (
  `id` int(11) NOT NULL AUTO_INCREMENT,
  `registry_group` varchar(255) CHARACTER SET utf8 COLLATE utf8_general_ci NOT NULL,
  `registry_key` varchar(255) CHARACTER SET utf8 COLLATE utf8_general_ci NOT NULL,
  `registry_value` varchar(255) CHARACTER SET utf8 COLLATE utf8_general_ci NOT NULL,
  `update_time` timestamp(0) NOT NULL DEFAULT CURRENT_TIMESTAMP,
  PRIMARY KEY (`id`) USING BTREE
) ENGINE = InnoDB AUTO_INCREMENT = 1 CHARACTER SET = utf8 COLLATE = utf8_general_ci ROW_FORMAT = Dynamic;

-- ----------------------------
-- Table structure for xxl_job_qrtz_triggers
-- ----------------------------
DROP TABLE IF EXISTS `xxl_job_qrtz_triggers`;
CREATE TABLE `xxl_job_qrtz_triggers`  (
  `SCHED_NAME` varchar(120) CHARACTER SET utf8 COLLATE utf8_general_ci NOT NULL,
  `TRIGGER_NAME` varchar(200) CHARACTER SET utf8 COLLATE utf8_general_ci NOT NULL,
  `TRIGGER_GROUP` varchar(200) CHARACTER SET utf8 COLLATE utf8_general_ci NOT NULL,
  `JOB_NAME` varchar(200) CHARACTER SET utf8 COLLATE utf8_general_ci NOT NULL,
  `JOB_GROUP` varchar(200) CHARACTER SET utf8 COLLATE utf8_general_ci NOT NULL,
  `DESCRIPTION` varchar(250) CHARACTER SET utf8 COLLATE utf8_general_ci NULL DEFAULT NULL,
  `NEXT_FIRE_TIME` bigint(13) NULL DEFAULT NULL,
  `PREV_FIRE_TIME` bigint(13) NULL DEFAULT NULL,
  `PRIORITY` int(11) NULL DEFAULT NULL,
  `TRIGGER_STATE` varchar(16) CHARACTER SET utf8 COLLATE utf8_general_ci NOT NULL,
  `TRIGGER_TYPE` varchar(8) CHARACTER SET utf8 COLLATE utf8_general_ci NOT NULL,
  `START_TIME` bigint(13) NOT NULL,
  `END_TIME` bigint(13) NULL DEFAULT NULL,
  `CALENDAR_NAME` varchar(200) CHARACTER SET utf8 COLLATE utf8_general_ci NULL DEFAULT NULL,
  `MISFIRE_INSTR` smallint(2) NULL DEFAULT NULL,
  `JOB_DATA` blob NULL,
  PRIMARY KEY (`SCHED_NAME`, `TRIGGER_NAME`, `TRIGGER_GROUP`) USING BTREE,
  INDEX `SCHED_NAME`(`SCHED_NAME`, `JOB_NAME`, `JOB_GROUP`) USING BTREE,
  CONSTRAINT `xxl_job_qrtz_triggers_ibfk_1` FOREIGN KEY (`SCHED_NAME`, `JOB_NAME`, `JOB_GROUP`) REFERENCES `xxl_job_qrtz_job_details` (`SCHED_NAME`, `JOB_NAME`, `JOB_GROUP`) ON DELETE RESTRICT ON UPDATE RESTRICT
) ENGINE = InnoDB CHARACTER SET = utf8 COLLATE = utf8_general_ci ROW_FORMAT = Dynamic;

SET FOREIGN_KEY_CHECKS = 1;
